batch_id,batch_date,api_d50_um,api_d90_um,api_moisture_pct,api_bulk_density_g_ml,excipient_moisture_pct,binder_conc_pct,wet_mass_torque_nm,granule_d50_um,granule_moisture_pct,comp_force_kn,comp_force_dev_kn,pre_comp_force_kn,punch_speed_rpm,tablet_weight_mg,tablet_weight_rsd_pct,tablet_hardness_n,inlet_temp_c,spray_rate_g_min,pan_speed_rpm,coating_weight_gain_pct,coating_weight_gain_std_pct,dissolution_pass
BATCH-0000,2023-01-01 00:00:00,52.44,92.32,2.318,0.4697,2.597,4.689,1.867,202.69,2.479,12.513,0.513,1.852,30.1,250.9,0.405,69.56,55.88,12.36,15.01,2.359,0.3709,1
BATCH-0001,2023-01-01 08:00:00,41.68,67.0,2.21,0.4607,2.32,3.999,2.215,192.88,1.637,11.616,0.384,2.248,31.4,247.52,1.073,80.76,52.95,15.852,14.23,3.575,0.0481,1
BATCH-0002,2023-01-01 16:00:00,56.0,107.56,3.022,0.413,3.195,4.408,1.992,163.63,2.113,14.111,2.111,1.532,33.7,239.38,0.506,84.71,47.84,15.497,13.21,3.04,0.3434,1
BATCH-0003,2023-01-02 00:00:00,57.52,91.11,3.388,0.4486,3.273,3.649,2.288,171.34,1.586,10.916,1.084,1.98,23.2,254.61,0.144,65.39,58.74,15.667,12.05,3.041,0.1986,1
BATCH-0004,2023-01-02 08:00:00,34.39,60.37,3.577,0.4126,3.116,4.383,1.782,191.54,1.878,11.118,0.882,1.831,34.0,251.22,0.249,71.09,46.31,17.473,12.31,2.553,0.02,1
BATCH-0005,2023-01-02 16:00:00,39.58,85.93,3.289,0.3857,3.483,3.619,2.517,207.24,1.724,10.836,1.164,1.797,32.3,248.43,1.631,72.81,52.78,17.432,10.87,3.04,0.0578,1
BATCH-0006,2023-01-03 00:00:00,51.02,112.09,2.434,0.4288,3.044,4.545,1.654,243.22,2.241,12.388,0.388,2.129,38.9,245.17,0.124,77.92,54.78,14.098,9.83,2.542,0.0933,1
BATCH-0007,2023-01-03 08:00:00,47.47,96.86,2.712,0.3838,3.196,5.105,1.57,198.75,1.728,10.352,1.648,2.323,36.8,242.65,0.688,72.39,55.92,15.388,10.31,3.475,,1
BATCH-0008,2023-01-03 16:00:00,49.87,85.65,2.96,0.4694,3.152,3.939,1.437,230.1,2.405,11.426,0.574,1.897,32.0,251.12,0.1,87.07,52.09,11.272,12.07,4.091,0.0945,1
BATCH-0009,2023-01-04 00:00:00,43.18,85.55,2.573,0.381,2.954,2.904,2.499,232.38,1.902,9.417,2.583,2.234,37.9,258.07,0.1,63.95,47.65,15.198,11.56,3.194,0.1461,0
BATCH-0010,2023-01-04 08:00:00,57.04,113.72,2.578,0.4927,2.735,3.726,2.046,193.06,1.74,12.289,0.289,2.015,38.6,251.02,1.138,64.2,51.8,13.412,9.8,2.746,0.4315,0
BATCH-0011,2023-01-04 16:00:00,56.22,99.6,2.994,0.3791,4.107,4.616,1.7,217.84,1.499,11.4,0.6,1.732,31.2,243.09,0.304,76.66,52.0,14.627,11.94,1.987,,1
BATCH-0012,2023-01-05 00:00:00,50.53,98.46,2.464,0.416,2.774,4.277,2.175,192.69,2.101,10.214,1.786,1.923,32.5,251.13,0.329,78.24,51.91,11.629,11.52,2.326,0.0462,0
BATCH-0013,2023-01-05 08:00:00,59.02,88.97,2.062,0.4125,2.667,4.124,2.006,239.66,2.358,13.303,1.303,1.91,23.9,249.73,0.199,65.45,58.88,15.81,10.24,3.622,0.02,0
BATCH-0014,2023-01-05 16:00:00,53.74,88.47,2.251,0.5295,3.217,4.504,2.39,219.08,2.109,10.431,1.569,1.791,29.5,254.32,0.236,73.93,50.15,11.607,11.44,2.588,0.1048,1
BATCH-0015,2023-01-06 00:00:00,43.13,80.54,2.88,0.4698,3.126,4.242,1.336,164.29,2.896,12.956,0.956,2.129,31.3,253.03,0.293,75.99,56.2,15.297,11.52,2.852,0.1536,1
BATCH-0016,2023-01-06 08:00:00,52.95,85.49,2.502,0.4373,2.298,4.609,1.72,204.85,2.572,11.159,0.841,2.07,35.4,235.07,0.127,76.07,55.63,12.547,11.08,3.262,0.0529,1
BATCH-0017,2023-01-06 16:00:00,42.33,68.41,2.704,0.4799,3.561,4.46,1.661,249.44,1.877,13.922,1.922,1.523,30.3,252.73,0.108,81.52,58.84,13.301,13.39,3.593,0.0222,0
BATCH-0018,2023-01-07 00:00:00,57.03,118.93,2.902,0.3236,2.953,4.761,1.208,194.56,1.873,12.899,0.899,1.505,32.4,244.98,0.77,73.38,54.47,17.309,9.15,2.92,0.1066,1
BATCH-0019,2023-01-07 08:00:00,49.6,108.74,2.275,0.4474,2.445,4.179,2.118,213.43,2.188,10.79,1.21,2.127,28.9,242.89,0.197,94.78,58.16,16.176,9.02,2.838,0.0535,1
BATCH-0020,2023-01-07 16:00:00,48.52,91.67,2.954,0.5699,3.594,4.453,1.719,216.38,1.665,10.9,1.1,1.755,35.9,249.06,0.312,84.88,54.31,17.298,12.0,3.029,0.125,1
BATCH-0021,2023-01-08 00:00:00,44.55,93.0,2.727,0.4579,3.313,3.846,2.022,168.9,2.467,12.727,0.727,2.091,37.1,252.05,1.591,71.93,56.74,18.119,12.14,2.749,0.4555,1
BATCH-0022,2023-01-08 08:00:00,59.78,131.11,1.759,0.4541,2.368,3.699,2.508,215.32,2.145,11.685,0.315,2.234,37.0,241.8,0.1,80.95,,13.454,12.61,2.77,0.3533,1
BATCH-0023,2023-01-08 16:00:00,48.76,77.98,3.365,0.4829,3.889,4.853,1.694,158.18,2.103,11.797,0.203,1.619,35.1,253.52,0.155,81.24,44.45,17.998,11.19,3.165,0.1972,1
BATCH-0024,2023-01-09 00:00:00,46.57,84.47,2.2,0.5037,3.329,4.108,1.674,181.23,2.275,13.527,1.527,1.577,27.3,253.82,0.363,92.15,56.51,12.069,10.62,3.074,0.1966,1
BATCH-0025,2023-01-09 08:00:00,47.18,83.74,1.507,0.3302,2.995,4.402,1.836,232.27,2.689,11.102,0.898,2.502,31.9,250.23,1.024,74.0,56.72,16.492,11.99,3.853,0.3735,1
BATCH-0026,2023-01-09 16:00:00,54.26,84.43,1.873,0.3491,3.795,4.062,2.096,210.7,2.068,12.11,0.11,2.105,33.0,245.66,0.78,87.67,56.9,14.013,11.34,3.176,0.0451,1
BATCH-0027,2023-01-10 00:00:00,52.92,107.37,1.887,0.4626,3.08,3.707,1.63,190.87,1.955,13.146,1.146,1.874,33.0,245.1,1.074,80.42,52.9,13.139,14.33,3.46,0.1907,1
BATCH-0028,2023-01-10 08:00:00,53.3,96.14,2.531,0.4071,2.986,4.005,1.611,213.39,2.603,12.971,0.971,1.72,35.4,255.13,0.162,94.92,60.96,16.229,11.51,2.571,0.2496,1
BATCH-0029,2023-01-10 16:00:00,53.45,97.73,2.336,0.5287,2.67,4.718,2.117,198.2,2.387,11.808,0.192,1.847,42.1,242.44,0.392,92.91,,16.89,11.92,3.21,0.1254,1
BATCH-0030,2023-01-11 00:00:00,67.13,107.78,2.298,0.4311,3.291,4.278,1.914,200.38,1.872,11.653,0.347,1.643,39.1,255.32,1.298,81.97,,16.831,15.71,2.711,0.02,1
BATCH-0031,2023-01-11 08:00:00,46.75,76.04,2.872,0.3339,3.238,3.144,1.187,219.7,2.002,9.913,2.087,2.265,30.1,249.17,0.909,77.38,57.38,15.43,11.71,3.158,0.0753,1
BATCH-0032,2023-01-11 16:00:00,45.9,98.0,2.704,0.3739,3.007,3.892,1.432,178.18,2.078,10.733,1.267,1.767,38.4,249.52,0.346,85.07,61.87,15.264,12.83,3.275,0.3501,0
BATCH-0033,2023-01-12 00:00:00,43.49,66.59,2.69,0.285,2.605,4.891,2.25,201.21,2.145,12.382,0.382,2.328,38.2,241.46,0.1,78.2,53.73,16.054,12.97,3.02,0.2839,1
BATCH-0034,2023-01-12 08:00:00,54.93,91.34,2.746,0.436,3.065,3.893,1.921,190.63,1.457,11.835,0.165,1.88,31.0,249.27,0.436,96.8,52.39,15.608,13.1,3.963,0.1762,1
BATCH-0035,2023-01-12 16:00:00,59.03,100.62,2.87,0.4387,2.965,3.1,1.571,152.43,1.383,12.09,0.09,1.687,39.2,253.07,0.1,80.78,49.01,16.083,12.43,3.571,0.02,1
BATCH-0036,2023-01-13 00:00:00,49.09,90.48,1.235,0.4245,2.333,4.947,1.749,172.39,1.645,13.247,1.247,1.872,34.2,243.32,0.833,75.94,61.21,15.408,12.29,3.471,0.1151,1
BATCH-0037,2023-01-13 08:00:00,43.28,82.68,2.281,0.5147,2.264,4.341,1.804,247.05,1.614,10.575,1.425,1.213,28.0,252.49,1.345,75.4,56.69,16.686,12.15,3.306,0.1115,1
BATCH-0038,2023-01-13 16:00:00,43.4,80.09,1.192,0.5219,3.283,3.965,2.021,211.54,1.742,11.717,0.283,1.964,37.3,250.45,0.684,67.87,56.81,11.746,11.14,3.705,0.02,0
BATCH-0039,2023-01-14 00:00:00,55.2,86.06,2.522,0.4398,1.699,3.814,1.393,160.29,2.254,12.226,0.226,1.949,36.1,246.78,0.158,85.57,,14.737,12.49,2.425,0.0618,1
BATCH-0040,2023-01-14 08:00:00,55.95,93.46,2.497,0.3219,3.103,4.541,1.548,153.79,1.932,11.155,0.845,2.247,33.9,254.27,0.329,71.8,56.3,12.232,15.04,3.548,0.1268,0
BATCH-0041,2023-01-14 16:00:00,54.35,113.61,3.127,0.487,2.761,3.729,1.882,196.64,2.079,13.718,1.718,1.434,34.8,238.99,0.362,90.98,49.79,15.553,13.82,2.604,0.1543,1
BATCH-0042,2023-01-15 00:00:00,44.68,86.95,3.213,0.4833,3.654,4.574,1.77,246.84,1.51,13.09,1.09,2.349,31.4,251.73,0.215,67.07,54.22,18.284,12.46,2.774,0.2091,1
BATCH-0043,2023-01-15 08:00:00,51.86,101.35,2.622,0.4686,2.753,4.271,1.972,194.4,1.815,12.348,0.348,2.246,38.1,258.1,1.027,81.27,51.1,14.052,13.28,3.225,0.038,1
BATCH-0044,2023-01-15 16:00:00,50.93,100.3,2.2,0.5089,3.33,4.122,1.431,239.21,2.235,14.153,2.153,2.376,34.8,257.2,0.214,91.5,53.42,15.255,10.7,3.493,0.1609,0
BATCH-0045,2023-01-16 00:00:00,51.75,105.26,2.791,0.3801,2.802,4.073,1.907,210.56,2.238,10.201,1.799,1.984,35.8,251.95,0.968,58.48,53.39,16.513,11.61,2.539,0.0692,0
BATCH-0046,2023-01-16 08:00:00,56.97,87.77,2.183,0.5705,3.057,3.913,2.127,214.14,1.71,11.991,0.009,2.304,36.8,248.49,0.397,100.18,52.65,10.865,13.42,2.795,0.02,1
BATCH-0047,2023-01-16 16:00:00,51.79,90.97,2.499,0.3924,3.368,4.523,1.946,159.93,2.065,12.44,0.44,1.559,29.2,246.82,0.1,75.75,49.43,13.956,14.23,3.039,0.0987,0
BATCH-0048,2023-01-17 00:00:00,55.43,104.08,3.092,0.495,2.769,3.567,1.842,228.13,2.88,10.903,1.097,2.214,30.5,248.49,1.086,81.41,61.37,15.729,10.84,2.925,0.1689,1
BATCH-0049,2023-01-17 08:00:00,50.54,87.79,2.165,0.3488,3.498,3.189,1.771,189.95,1.993,12.361,0.361,1.769,24.0,252.72,0.345,85.71,56.2,9.206,11.27,3.342,0.0733,1
BATCH-0050,2023-01-17 16:00:00,52.31,109.39,2.983,0.3942,2.503,4.307,1.55,225.89,1.723,10.672,1.328,1.505,37.8,245.96,0.1,87.26,54.1,13.046,15.27,4.374,0.187,1
BATCH-0051,2023-01-18 00:00:00,55.05,101.17,2.906,0.541,3.147,4.316,1.778,175.57,1.93,12.829,0.829,1.663,28.9,253.79,1.086,82.74,58.03,17.202,12.14,3.168,0.1485,1
BATCH-0052,2023-01-18 08:00:00,38.34,78.14,1.927,0.4343,3.461,4.24,2.178,205.31,2.037,13.269,1.269,2.002,35.7,260.67,0.748,89.97,56.88,17.006,14.74,2.706,0.048,0
BATCH-0053,2023-01-18 16:00:00,47.44,99.46,3.084,0.5004,3.33,4.204,1.764,210.56,1.94,12.327,0.327,1.753,36.9,249.69,0.161,85.19,56.1,15.749,12.31,2.481,0.02,1
BATCH-0054,2023-01-19 00:00:00,46.24,85.69,2.919,0.4642,3.958,3.84,1.533,195.38,1.987,9.777,2.223,2.113,38.0,243.28,0.273,97.61,57.74,16.764,12.37,2.87,0.1503,1
BATCH-0055,2023-01-19 08:00:00,44.89,95.91,2.561,0.4437,2.618,4.394,1.652,212.14,1.423,10.84,1.16,1.458,29.0,243.28,1.25,85.22,55.54,15.43,11.54,2.624,0.1382,1
BATCH-0056,2023-01-19 16:00:00,47.8,91.34,2.043,0.5318,2.31,3.977,1.86,192.01,1.615,12.678,0.678,1.362,34.7,253.88,0.209,99.65,57.68,16.111,13.41,3.187,0.031,1
BATCH-0057,2023-01-20 00:00:00,61.96,129.82,1.984,0.4358,2.503,3.756,1.688,180.53,1.94,12.025,0.025,2.412,43.4,249.7,0.426,89.01,58.01,14.369,14.04,3.181,0.0208,1
BATCH-0058,2023-01-20 08:00:00,43.07,74.88,2.177,0.3432,3.33,3.844,1.946,248.16,1.934,8.767,3.233,2.271,43.6,254.38,0.798,61.94,55.65,15.232,10.45,2.815,0.0525,0
BATCH-0059,2023-01-20 16:00:00,57.75,106.78,2.826,0.4018,3.249,5.01,1.957,231.47,1.774,13.491,1.491,1.685,39.9,247.33,0.224,106.11,54.12,13.735,11.47,3.794,0.1441,1
BATCH-0060,2023-01-21 00:00:00,36.54,68.4,1.927,0.4831,3.051,3.133,2.067,177.17,1.929,12.164,0.164,1.999,36.7,254.15,0.987,74.26,61.12,17.527,13.37,2.706,0.0315,1
BATCH-0061,2023-01-21 08:00:00,47.32,74.46,2.763,0.4737,2.439,4.25,2.227,217.05,2.024,11.017,0.983,2.306,30.0,249.21,0.601,94.96,53.09,18.043,11.81,2.952,0.2171,1
BATCH-0062,2023-01-21 16:00:00,51.3,91.27,1.755,0.356,3.383,3.16,,177.72,2.356,13.194,1.194,2.126,38.6,246.34,0.402,80.27,56.57,17.76,11.26,3.256,0.231,1
BATCH-0063,2023-01-22 00:00:00,54.69,117.15,2.378,0.4065,2.388,3.946,1.52,164.46,1.96,11.187,0.813,2.044,34.2,248.0,0.345,90.61,56.66,14.184,13.51,3.357,0.0375,0
BATCH-0064,2023-01-22 08:00:00,55.69,108.13,2.566,0.4151,3.579,3.783,1.529,231.01,2.16,11.174,0.826,2.329,37.8,244.01,0.932,73.12,52.56,13.092,13.66,3.511,0.02,1
BATCH-0065,2023-01-22 16:00:00,56.35,91.52,3.967,0.4281,4.429,2.957,1.777,148.88,1.783,12.43,0.43,1.781,31.8,259.95,0.684,86.26,51.77,17.554,11.33,3.171,0.0263,1
BATCH-0066,2023-01-23 00:00:00,47.21,82.01,1.674,0.3674,3.183,4.195,1.665,227.81,2.229,14.137,2.137,2.009,34.1,249.52,0.324,77.47,53.58,16.088,12.32,3.42,0.5456,1
BATCH-0067,2023-01-23 08:00:00,46.3,75.66,3.383,0.4123,3.292,3.81,1.459,192.42,2.15,13.948,1.948,1.995,35.8,253.22,0.208,95.79,53.03,15.657,10.19,2.734,0.0318,1
BATCH-0068,2023-01-23 16:00:00,56.86,86.28,2.59,0.4063,2.754,2.95,1.667,193.65,2.346,12.432,0.432,1.918,36.2,247.32,0.24,84.39,49.17,13.733,10.66,3.367,0.0255,1
BATCH-0069,2023-01-24 00:00:00,48.47,104.17,2.747,0.4963,2.095,4.42,1.658,212.29,2.285,12.555,0.555,1.883,37.5,244.74,0.492,89.36,52.39,15.851,12.19,3.362,0.02,1
BATCH-0070,2023-01-24 08:00:00,39.79,72.18,2.571,0.4985,2.699,4.718,1.598,217.44,2.235,12.95,0.95,2.022,32.1,248.83,0.1,58.36,56.06,12.829,12.05,3.605,0.02,0
BATCH-0071,2023-01-24 16:00:00,40.93,70.21,2.767,0.4413,2.454,4.745,,175.21,1.961,10.492,1.508,2.01,28.3,255.51,0.1,79.14,60.06,16.268,10.55,2.333,0.02,1
BATCH-0072,2023-01-25 00:00:00,42.64,81.83,2.408,0.4265,2.276,4.179,2.154,221.53,2.098,12.773,0.773,1.685,43.1,247.4,1.372,84.11,57.22,17.758,10.93,2.637,0.517,1
BATCH-0073,2023-01-25 08:00:00,53.98,81.24,3.372,0.4584,3.861,4.023,1.86,203.4,2.425,11.119,0.881,2.241,47.4,245.65,0.765,82.24,44.6,18.262,10.4,3.329,0.02,1
BATCH-0074,2023-01-25 16:00:00,51.14,86.66,2.226,0.401,3.136,4.664,2.542,162.32,1.739,12.382,0.382,1.707,37.2,250.78,0.704,89.61,57.57,16.417,12.68,1.939,0.103,0
BATCH-0075,2023-01-26 00:00:00,55.52,110.61,3.179,0.3812,3.19,4.841,1.851,194.9,1.749,11.727,0.273,1.935,28.4,252.5,0.388,76.34,52.77,12.236,9.05,3.197,0.02,1
BATCH-0076,2023-01-26 08:00:00,46.58,90.54,2.113,0.3936,2.845,4.567,1.713,241.44,2.073,12.601,0.601,1.911,31.1,258.21,0.159,80.49,56.81,15.395,10.48,3.424,0.126,1
BATCH-0077,2023-01-26 16:00:00,51.27,112.14,2.464,0.4119,2.914,3.529,1.801,250.3,2.166,12.142,0.142,2.107,37.5,251.77,0.451,91.81,54.94,19.279,9.21,2.769,0.0228,1
BATCH-0078,2023-01-27 00:00:00,55.0,106.39,1.857,0.3802,3.482,4.101,1.877,221.52,1.67,8.312,3.688,1.364,41.7,253.22,0.1,57.21,54.23,13.263,12.63,2.828,0.2911,1
BATCH-0079,2023-01-27 08:00:00,47.53,87.17,2.773,0.4597,2.984,4.22,1.931,164.29,1.97,12.215,0.215,2.267,28.9,253.6,0.347,85.89,54.59,14.882,9.3,2.57,0.3812,1
BATCH-0080,2023-01-27 16:00:00,53.65,109.08,3.367,0.4938,3.265,3.095,2.423,214.72,1.962,12.771,0.771,1.797,34.4,244.23,0.1,76.66,54.91,17.827,12.05,2.791,0.2062,1
BATCH-0081,2023-01-28 00:00:00,44.7,95.32,2.454,0.3548,2.902,4.235,1.546,225.53,1.114,12.535,0.535,2.366,36.0,245.18,0.235,70.88,60.38,16.234,14.46,2.803,0.1394,1
BATCH-0082,2023-01-28 08:00:00,47.1,94.4,2.382,0.4515,2.829,5.136,2.058,221.77,1.912,11.877,0.123,1.857,39.3,244.58,2.109,83.37,54.92,19.96,14.51,2.727,0.1805,1
BATCH-0083,2023-01-28 16:00:00,46.95,102.07,1.831,0.4368,2.297,4.32,1.862,223.55,1.937,13.971,1.971,1.985,33.3,243.34,0.197,92.27,59.34,13.534,9.29,2.705,0.1139,1
BATCH-0084,2023-01-29 00:00:00,40.43,82.78,2.362,0.4705,2.011,4.737,1.329,210.9,1.936,12.374,0.374,2.574,27.2,253.98,0.588,90.39,58.76,13.02,12.45,2.892,0.0654,1
BATCH-0085,2023-01-29 08:00:00,53.9,113.55,1.544,0.4492,2.869,4.091,2.031,197.83,2.566,12.525,0.525,1.917,38.1,251.45,0.257,78.65,57.67,17.448,10.52,2.887,0.02,1
BATCH-0086,2023-01-29 16:00:00,46.24,73.06,1.952,0.3628,3.028,3.963,2.18,181.75,1.514,13.253,1.253,2.372,40.6,250.4,0.1,88.76,47.85,12.608,10.21,3.75,0.1953,1
BATCH-0087,2023-01-30 00:00:00,50.1,100.84,2.636,0.3743,2.357,4.191,1.543,143.06,1.67,12.435,0.435,2.012,34.6,237.04,0.1,88.68,59.47,14.606,11.83,2.842,0.1579,1
BATCH-0088,2023-01-30 08:00:00,53.85,97.36,3.291,0.4518,2.983,3.592,1.797,210.19,0.955,10.922,1.078,2.125,37.0,260.28,0.1,79.13,53.17,14.869,13.84,3.138,0.0394,1
BATCH-0089,2023-01-30 16:00:00,53.57,101.1,4.186,0.5117,3.027,3.518,1.282,205.58,1.808,9.074,2.926,2.021,32.6,245.53,0.126,73.07,57.86,17.072,12.9,2.769,0.1049,1
BATCH-0090,2023-01-31 00:00:00,55.32,108.32,2.148,0.3171,1.922,4.633,1.422,216.73,1.842,11.427,0.573,2.254,30.8,260.26,0.251,73.65,51.11,16.229,10.93,2.764,0.02,1
BATCH-0091,2023-01-31 08:00:00,49.21,107.23,3.361,0.4707,2.542,4.686,2.114,159.87,1.796,12.913,0.913,1.794,40.1,242.75,0.141,88.38,50.26,15.914,13.06,2.318,0.0948,1
BATCH-0092,2023-01-31 16:00:00,46.61,102.05,2.646,0.5214,3.204,3.504,1.66,219.35,2.443,11.576,0.424,1.705,36.9,245.94,0.378,79.58,62.91,14.195,8.63,2.371,0.0641,1
BATCH-0093,2023-02-01 00:00:00,49.36,84.0,2.409,0.4408,3.194,4.484,1.467,261.64,2.344,12.961,0.961,1.808,37.5,238.99,0.752,69.54,,17.43,10.87,2.517,0.02,1
BATCH-0094,2023-02-01 08:00:00,36.5,73.5,2.76,0.483,2.423,3.957,1.869,202.35,2.031,12.178,0.178,2.03,42.5,251.81,0.1,63.15,59.58,23.052,10.76,3.073,0.02,1
BATCH-0095,2023-02-01 16:00:00,38.42,77.81,2.537,0.4078,3.079,4.17,1.643,198.15,1.852,13.546,1.546,1.934,29.7,244.49,0.1,88.32,55.47,16.383,12.12,3.43,0.0518,1
BATCH-0096,2023-02-02 00:00:00,39.42,68.69,2.566,0.4428,3.511,4.23,1.659,209.27,2.41,11.646,0.354,2.213,32.2,244.63,1.435,74.53,53.32,15.199,11.7,2.285,0.297,1
BATCH-0097,2023-02-02 08:00:00,42.02,66.68,2.255,0.3527,3.389,4.497,2.022,260.97,1.992,12.561,0.561,2.391,35.8,243.14,0.646,83.3,54.82,12.404,11.79,2.78,0.4341,1
BATCH-0098,2023-02-02 16:00:00,53.2,81.32,1.661,0.3093,2.952,4.041,1.451,169.29,1.673,12.607,0.607,1.707,32.2,253.89,0.1,92.4,49.8,13.725,11.74,2.453,0.6027,1
BATCH-0099,2023-02-03 00:00:00,42.76,87.4,1.574,0.5066,2.766,4.705,1.528,206.1,1.314,13.802,1.802,1.78,38.9,253.56,0.1,66.91,54.94,14.573,12.03,2.894,0.1946,0
BATCH-0100,2023-02-03 08:00:00,46.97,86.56,2.892,0.3909,2.685,4.155,1.846,176.01,1.823,9.952,2.048,1.569,34.1,259.06,0.963,79.55,50.67,13.931,12.81,3.43,0.1781,1
BATCH-0101,2023-02-03 16:00:00,60.39,132.26,2.334,0.4227,3.234,4.312,2.091,183.59,2.302,11.45,0.55,2.609,30.0,246.57,1.19,78.29,53.42,14.968,12.22,2.821,0.0351,1
BATCH-0102,2023-02-04 00:00:00,47.15,86.07,2.142,0.3668,3.098,3.583,2.171,198.51,2.911,13.018,1.018,2.091,35.3,251.09,0.372,83.8,58.7,18.556,11.57,2.981,0.02,0
BATCH-0103,2023-02-04 08:00:00,55.9,122.12,2.505,0.3654,3.315,5.079,1.6,240.42,2.025,13.855,1.855,2.144,35.9,243.55,0.389,92.39,56.02,17.494,12.6,3.582,0.286,1
BATCH-0104,2023-02-04 16:00:00,42.53,76.05,2.977,0.4396,3.066,4.235,2.081,254.03,1.694,12.288,0.288,1.598,39.7,248.32,0.1,66.71,49.07,14.682,13.24,3.183,0.6473,1
BATCH-0105,2023-02-05 00:00:00,48.36,99.4,2.608,0.4062,3.409,4.356,1.565,213.44,1.526,11.649,0.351,2.0,37.0,247.41,0.338,85.7,58.41,12.583,11.17,2.696,0.0854,1
BATCH-0106,2023-02-05 08:00:00,42.4,66.12,2.106,0.4727,3.047,3.196,2.348,188.7,2.221,12.909,0.909,2.153,37.3,252.32,0.403,90.32,54.97,17.675,11.91,3.064,0.0767,1
BATCH-0107,2023-02-05 16:00:00,47.29,89.32,3.236,0.4772,3.392,3.589,1.46,274.78,1.294,13.042,1.042,1.924,36.6,255.09,1.384,78.14,52.83,14.902,13.74,2.669,0.0681,0
BATCH-0108,2023-02-06 00:00:00,56.72,116.93,3.448,0.4693,3.435,4.619,2.199,187.17,2.22,11.568,0.432,2.323,34.1,254.96,0.1,78.63,57.99,11.547,10.35,3.168,0.0338,0
BATCH-0109,2023-02-06 08:00:00,36.18,77.69,2.797,0.4643,2.598,4.143,1.603,182.87,2.327,12.396,0.396,2.694,31.4,245.79,0.214,84.18,54.33,16.425,14.71,3.206,0.1205,1
BATCH-0110,2023-02-06 16:00:00,53.48,111.0,3.084,0.5447,2.096,3.043,2.404,146.75,2.175,13.417,1.417,1.716,36.4,254.99,0.323,83.45,50.34,17.051,9.99,2.453,0.3224,0
BATCH-0111,2023-02-07 00:00:00,51.9,79.2,3.245,0.3859,3.772,4.519,1.977,241.88,1.912,14.269,2.269,1.693,33.3,249.78,0.1,85.82,62.39,10.148,11.48,3.07,0.0616,0
BATCH-0112,2023-02-07 08:00:00,45.25,79.67,3.178,0.4467,3.128,3.728,1.495,229.05,2.226,12.891,0.891,1.737,43.4,248.38,0.77,85.61,54.93,13.351,10.57,2.953,0.02,1
BATCH-0113,2023-02-07 16:00:00,38.43,58.96,2.868,0.518,2.143,4.706,1.643,272.53,2.068,12.053,0.053,2.482,41.7,246.46,0.174,70.18,54.67,14.779,15.28,3.218,0.1967,1
BATCH-0114,2023-02-08 00:00:00,50.58,79.73,2.859,0.5259,2.643,3.956,2.034,158.31,1.689,11.935,0.065,2.313,38.2,247.2,0.171,89.9,53.38,16.469,11.24,3.333,0.1963,1
BATCH-0115,2023-02-08 08:00:00,45.76,90.28,2.812,0.3647,3.386,4.102,2.116,243.75,2.74,12.669,0.669,1.959,36.9,258.71,0.784,91.67,59.72,13.969,11.25,3.191,0.3603,0
BATCH-0116,2023-02-08 16:00:00,51.86,103.69,1.842,0.4313,2.86,4.589,1.779,202.1,1.859,11.861,0.139,2.011,34.6,251.54,0.1,81.86,52.9,13.336,11.44,2.879,0.4853,1
BATCH-0117,2023-02-09 00:00:00,50.17,102.44,2.92,0.5315,2.744,3.551,1.813,224.18,2.31,12.228,0.228,1.755,28.7,250.87,0.39,65.06,48.82,16.454,12.14,3.373,0.2797,1
BATCH-0118,2023-02-09 08:00:00,62.81,132.28,1.687,0.4805,3.7,3.504,2.028,150.57,1.033,10.731,1.269,2.267,33.9,248.69,0.178,78.85,52.29,14.063,11.51,2.651,0.0662,1
BATCH-0119,2023-02-09 16:00:00,48.09,97.02,2.023,0.4617,2.476,3.902,1.84,244.04,2.511,13.556,1.556,1.886,35.5,262.23,0.254,81.94,60.31,16.084,11.8,2.472,0.0502,1
BATCH-0120,2023-02-10 00:00:00,41.81,86.16,3.282,0.4369,2.601,4.414,1.412,223.6,2.588,10.632,1.368,1.922,36.1,256.53,0.33,68.55,58.33,12.777,6.71,1.722,0.0464,1
BATCH-0121,2023-02-10 08:00:00,51.43,78.91,3.004,0.427,3.106,3.335,1.556,198.83,2.012,11.481,0.519,2.183,37.3,246.39,0.656,76.4,53.98,12.295,12.09,2.972,0.0272,1
BATCH-0122,2023-02-10 16:00:00,51.76,86.14,3.392,0.4673,3.195,3.166,1.871,219.35,2.224,12.117,0.117,1.944,39.6,248.63,0.473,65.91,60.49,16.511,12.03,2.671,0.0806,0
BATCH-0123,2023-02-11 00:00:00,60.87,117.81,2.337,0.4349,3.248,4.412,2.165,177.04,2.223,14.389,2.389,1.93,31.5,248.93,0.521,86.07,57.99,15.505,13.56,3.159,0.2703,0
BATCH-0124,2023-02-11 08:00:00,56.68,119.07,1.809,0.4474,3.456,3.699,2.285,182.62,1.743,11.493,0.507,2.003,31.6,250.73,0.439,81.66,53.93,16.845,13.96,2.212,0.1132,1
BATCH-0125,2023-02-11 16:00:00,52.85,79.45,2.356,0.4547,3.099,3.804,2.034,186.1,2.219,11.201,0.799,2.239,42.3,246.49,0.331,63.54,54.34,13.935,11.72,2.741,0.0274,1
BATCH-0126,2023-02-12 00:00:00,61.71,114.79,2.561,0.4093,3.245,3.072,1.886,144.42,1.677,11.339,0.661,2.494,38.9,252.19,0.985,83.51,56.32,13.41,13.22,3.188,0.02,1
BATCH-0127,2023-02-12 08:00:00,40.49,79.93,2.547,0.4819,2.87,3.661,2.025,225.85,1.756,13.991,1.991,2.176,33.0,257.26,0.1,79.43,,17.721,10.35,2.588,,1
BATCH-0128,2023-02-12 16:00:00,44.88,68.25,3.18,0.6249,3.031,3.996,1.6,235.75,2.451,8.625,3.375,2.241,34.5,243.43,0.547,85.16,55.02,11.954,13.15,3.164,0.1983,0
BATCH-0129,2023-02-13 00:00:00,42.59,75.85,2.283,0.3434,3.054,4.465,1.754,178.96,2.39,10.797,1.203,1.94,34.5,244.36,0.336,76.08,56.23,17.503,11.14,2.777,0.0896,1
BATCH-0130,2023-02-13 08:00:00,46.88,99.71,2.711,0.4694,3.108,3.614,1.553,210.45,1.717,15.278,3.278,1.788,35.2,247.58,0.1,71.99,48.25,17.641,10.22,2.987,0.0403,1
BATCH-0131,2023-02-13 16:00:00,38.99,76.81,1.907,0.4044,3.386,4.829,1.425,192.03,1.707,12.709,0.709,2.196,37.4,247.82,1.343,72.29,54.24,16.72,11.72,3.238,0.02,1
BATCH-0132,2023-02-14 00:00:00,55.08,91.79,2.77,0.4846,3.278,3.658,1.9,209.85,1.742,10.673,1.327,2.051,47.7,259.99,0.965,74.62,53.79,13.624,14.1,3.381,0.02,1
BATCH-0133,2023-02-14 08:00:00,48.22,101.12,2.502,0.4528,3.022,3.658,1.856,181.17,2.293,11.95,0.05,1.573,35.9,255.01,0.983,80.19,59.11,13.367,12.27,3.037,0.3453,1
BATCH-0134,2023-02-14 16:00:00,38.23,66.66,2.05,0.4957,2.595,4.769,2.006,173.5,1.6,12.081,0.081,1.902,38.3,254.72,0.204,81.48,47.62,14.58,14.24,2.674,0.042,1
BATCH-0135,2023-02-15 00:00:00,41.88,87.83,2.359,0.5205,3.034,4.106,1.964,231.56,2.143,13.015,1.015,1.975,26.6,248.68,0.44,78.09,53.47,12.41,10.88,2.817,0.02,0
BATCH-0136,2023-02-15 08:00:00,52.51,89.75,2.389,0.4615,2.986,3.724,1.873,198.08,2.299,14.207,2.207,1.847,32.6,248.57,0.601,75.77,53.07,13.077,13.57,3.255,0.2155,0
BATCH-0137,2023-02-15 16:00:00,56.71,108.49,2.338,0.5179,3.097,3.922,1.967,260.66,1.965,12.466,0.466,2.445,41.1,242.74,0.4,76.49,58.84,16.289,11.02,2.591,0.0786,1
BATCH-0138,2023-02-16 00:00:00,65.97,117.29,3.563,0.3093,4.103,4.677,1.787,201.39,2.404,11.352,0.648,2.144,37.0,253.91,0.5,105.08,54.83,16.299,12.34,2.929,0.2772,0
BATCH-0139,2023-02-16 08:00:00,73.31,124.07,2.441,0.5454,2.738,4.733,1.924,172.22,1.878,12.945,0.945,2.412,15.0,252.46,0.492,72.29,62.18,12.901,12.33,2.846,0.0215,1
BATCH-0140,2023-02-16 16:00:00,53.32,113.06,2.354,0.4725,3.211,3.592,1.582,236.81,1.914,11.162,0.838,2.079,38.4,256.43,0.287,74.42,57.65,16.352,12.99,2.959,0.318,1
BATCH-0141,2023-02-17 00:00:00,42.08,68.65,1.242,0.5147,3.534,3.979,1.911,218.92,1.609,10.76,1.24,2.024,44.6,248.95,0.21,112.94,53.36,15.909,12.38,2.596,0.02,1
BATCH-0142,2023-02-17 08:00:00,32.94,51.37,1.963,0.3768,3.049,4.045,2.001,221.81,2.407,9.888,2.112,1.719,25.0,249.29,0.21,84.21,55.96,18.02,10.89,2.259,0.0206,1
BATCH-0143,2023-02-17 16:00:00,52.14,90.69,2.342,0.4002,4.169,3.507,1.599,235.72,1.693,10.122,1.878,2.004,42.6,250.85,0.1,66.2,,16.138,13.32,3.208,0.02,1
BATCH-0144,2023-02-18 00:00:00,43.5,87.1,2.088,0.4588,2.811,3.972,1.816,180.42,2.14,10.924,1.076,2.004,21.1,254.46,0.869,88.43,58.44,17.117,14.6,3.386,0.166,1
BATCH-0145,2023-02-18 08:00:00,46.68,96.4,3.329,0.449,3.162,4.003,1.613,196.18,1.971,10.587,1.413,1.59,39.7,242.65,1.439,70.9,49.67,15.954,11.12,2.283,0.0323,1
BATCH-0146,2023-02-18 16:00:00,45.1,99.19,2.401,0.467,2.601,4.57,1.642,194.86,1.579,12.376,0.376,1.838,35.0,253.68,0.356,89.09,51.71,16.96,9.25,3.148,0.592,0
BATCH-0147,2023-02-19 00:00:00,48.87,83.45,3.273,0.5151,2.824,4.604,1.463,161.28,1.756,10.561,1.439,1.903,23.3,249.9,0.381,77.89,56.82,12.426,12.75,3.433,0.02,1
BATCH-0148,2023-02-19 08:00:00,58.53,104.5,2.537,0.3441,3.124,3.835,2.18,192.09,2.553,8.228,3.772,2.124,37.2,244.71,2.507,75.6,59.9,14.757,11.5,3.238,0.1222,0
BATCH-0149,2023-02-19 16:00:00,51.26,81.79,2.522,0.5084,3.423,3.893,2.12,240.09,2.081,10.747,1.253,2.138,40.8,239.58,0.946,96.09,46.19,14.922,11.8,2.833,0.3515,0
BATCH-0150,2023-02-20 00:00:00,48.73,92.71,2.447,0.4505,3.16,4.332,1.961,207.12,1.596,11.434,0.566,1.826,36.8,249.32,0.737,85.66,60.5,14.513,12.83,2.623,0.0258,1
BATCH-0151,2023-02-20 08:00:00,41.71,91.7,2.502,0.4378,3.63,3.707,2.392,159.62,2.122,11.273,0.727,2.141,37.9,257.24,0.138,89.73,54.44,15.888,11.32,3.032,0.0492,1
BATCH-0152,2023-02-20 16:00:00,36.6,72.86,3.531,0.3617,2.953,4.294,1.743,153.32,1.942,13.823,1.823,1.945,32.9,258.37,0.763,84.35,47.46,16.269,11.6,3.099,0.2364,1
BATCH-0153,2023-02-21 00:00:00,46.11,88.38,1.108,0.4802,2.834,3.956,2.71,249.94,3.382,11.264,0.736,1.139,25.7,251.78,0.1,75.56,42.99,15.785,11.85,3.038,0.3791,1
BATCH-0154,2023-02-21 08:00:00,49.57,87.97,1.299,0.3052,4.352,3.515,1.732,197.29,2.114,13.057,1.057,1.855,38.5,259.81,0.122,86.11,48.88,14.646,14.2,2.928,0.1005,1
BATCH-0155,2023-02-21 16:00:00,64.14,137.31,2.174,0.4889,3.197,3.522,1.877,180.58,1.848,11.977,0.023,2.324,43.7,249.79,0.399,92.09,54.92,13.529,12.05,2.567,0.0781,1
BATCH-0156,2023-02-22 00:00:00,51.04,94.32,2.509,0.3605,2.64,4.724,1.681,191.78,2.568,11.949,0.051,1.495,40.6,254.77,0.195,81.35,54.74,17.194,10.15,3.169,0.1743,1
BATCH-0157,2023-02-22 08:00:00,57.86,92.24,2.914,0.4532,2.653,3.922,1.912,155.68,1.264,10.998,1.002,2.034,25.1,247.74,0.271,98.02,57.53,15.699,10.21,3.188,0.1138,1
BATCH-0158,2023-02-22 16:00:00,46.01,80.78,2.784,0.4428,2.529,4.82,2.051,242.69,2.038,11.929,0.071,2.476,27.4,247.43,0.225,88.5,52.8,12.963,12.21,3.08,0.0307,1
BATCH-0159,2023-02-23 00:00:00,40.52,62.69,2.269,0.5202,3.468,3.743,1.766,188.21,2.798,11.082,0.918,1.772,30.8,246.61,0.575,82.12,50.57,14.613,10.31,3.044,0.2932,1
BATCH-0160,2023-02-23 08:00:00,42.28,69.4,3.111,0.4393,2.818,4.146,2.333,241.02,1.954,12.204,0.204,2.001,27.0,239.7,0.235,82.51,53.35,11.513,9.66,3.672,0.02,1
BATCH-0161,2023-02-23 16:00:00,44.2,66.84,3.118,0.4084,3.064,5.196,1.872,201.55,1.307,11.717,0.283,1.609,35.2,256.44,0.287,81.37,55.13,15.071,12.95,2.75,0.0336,1
BATCH-0162,2023-02-24 00:00:00,67.03,121.81,2.61,0.4196,2.968,3.471,1.881,242.89,1.842,10.866,1.134,2.488,37.0,246.79,1.138,67.49,55.92,14.603,13.03,3.513,0.1626,0
BATCH-0163,2023-02-24 08:00:00,43.43,84.43,3.078,0.5264,3.366,3.051,1.527,207.7,2.582,13.19,1.19,1.975,27.8,245.99,0.987,79.1,51.84,13.851,11.45,2.706,0.1006,0
BATCH-0164,2023-02-24 16:00:00,56.71,98.69,2.664,0.4822,2.577,4.643,1.926,225.6,2.15,12.512,0.512,2.014,38.9,244.1,0.1,82.21,58.61,18.169,12.44,3.444,0.1053,1
BATCH-0165,2023-02-25 00:00:00,42.78,76.75,2.163,0.4269,2.462,3.587,1.76,221.57,1.664,11.462,0.538,2.406,38.0,248.98,0.153,75.84,52.51,12.688,12.28,3.493,0.0208,1
BATCH-0166,2023-02-25 08:00:00,57.45,124.76,2.919,0.4358,3.112,3.99,1.618,218.7,1.726,12.175,0.175,2.198,32.3,258.82,1.055,83.38,51.52,16.413,12.9,2.883,0.3051,1
BATCH-0167,2023-02-25 16:00:00,53.08,107.56,2.566,0.356,3.3,3.707,1.567,210.44,1.776,11.899,0.101,1.737,34.1,260.47,0.1,80.21,52.83,19.373,12.91,3.664,0.0428,1
BATCH-0168,2023-02-26 00:00:00,48.75,91.58,2.501,0.4733,3.166,4.134,2.602,193.01,2.144,10.959,1.041,1.806,25.3,241.7,0.117,87.74,59.3,17.155,8.09,3.188,0.173,0
BATCH-0169,2023-02-26 08:00:00,49.67,84.4,3.384,0.3444,2.595,3.525,1.721,257.46,2.535,12.085,0.085,2.148,33.3,248.23,0.48,86.63,54.47,14.937,11.64,2.649,0.02,0
BATCH-0170,2023-02-26 16:00:00,44.76,95.25,1.029,0.4951,3.339,3.91,1.363,172.79,2.421,11.255,0.745,1.813,35.0,244.83,0.45,81.67,52.22,12.732,12.78,2.85,0.1032,1
BATCH-0171,2023-02-27 00:00:00,53.57,89.17,1.649,0.4577,2.628,4.225,1.591,200.13,2.182,10.866,1.134,1.365,35.8,254.94,0.312,66.33,58.7,12.276,11.38,3.453,,1
BATCH-0172,2023-02-27 08:00:00,46.36,80.1,1.788,0.5932,2.739,3.496,1.785,200.45,1.467,10.053,1.947,1.984,36.9,251.43,0.287,97.91,63.57,14.177,12.05,3.369,0.4735,0
BATCH-0173,2023-02-27 16:00:00,40.2,85.87,2.282,0.384,2.528,3.65,1.964,212.07,1.469,11.57,0.43,1.556,36.2,246.82,0.587,78.58,55.84,13.626,13.13,2.577,0.2823,1
BATCH-0174,2023-02-28 00:00:00,39.78,74.41,2.347,0.4438,3.651,3.826,1.966,187.12,2.213,12.68,0.68,2.485,33.7,250.36,0.658,79.19,59.94,13.561,12.12,2.944,0.6361,1
BATCH-0175,2023-02-28 08:00:00,51.38,103.77,1.596,0.5579,3.317,3.286,2.003,209.44,1.462,11.166,0.834,2.053,36.4,247.61,0.83,76.57,59.14,14.347,14.26,3.081,0.0446,1
BATCH-0176,2023-02-28 16:00:00,62.63,119.85,1.909,0.5215,3.302,3.789,1.607,194.93,1.91,15.025,3.025,1.728,40.0,258.07,0.346,75.12,52.58,14.796,13.69,2.797,0.2673,0
BATCH-0177,2023-03-01 00:00:00,51.28,100.38,1.983,0.4082,3.624,4.059,1.902,152.54,2.122,13.063,1.063,1.79,34.5,252.73,0.1,95.44,55.11,15.97,11.82,3.943,,1
BATCH-0178,2023-03-01 08:00:00,49.05,83.86,3.974,0.4634,4.406,3.8,1.537,200.29,1.545,13.565,1.565,1.433,36.6,253.35,0.448,93.86,49.87,12.524,11.7,3.093,0.0252,1
BATCH-0179,2023-03-01 16:00:00,52.29,87.26,3.581,0.4501,2.145,3.864,1.614,166.98,1.59,12.954,0.954,1.67,34.1,236.67,0.676,84.44,54.18,13.636,7.72,2.975,,1
BATCH-0180,2023-03-02 00:00:00,60.45,104.32,2.253,0.4669,2.631,3.99,1.525,147.97,1.962,14.223,2.223,2.305,31.8,249.67,1.757,78.92,52.5,14.681,11.51,3.476,0.1588,1
BATCH-0181,2023-03-02 08:00:00,51.76,83.26,2.282,0.4081,2.692,3.672,1.443,204.11,2.201,11.056,0.944,2.67,37.6,260.42,0.348,86.19,53.39,14.609,9.97,2.854,0.3207,0
BATCH-0182,2023-03-02 16:00:00,46.71,98.66,1.81,0.4446,2.575,4.346,2.119,214.64,2.425,8.927,3.073,2.218,32.2,256.63,0.216,80.74,52.0,18.673,12.33,3.403,0.05,0
BATCH-0183,2023-03-03 00:00:00,58.85,99.94,1.355,0.3541,2.461,4.718,2.007,215.8,2.243,11.465,0.535,1.972,36.9,240.76,1.123,78.1,53.85,15.464,12.23,2.333,0.1194,1
BATCH-0184,2023-03-03 08:00:00,53.43,101.15,2.43,0.4581,2.85,3.768,2.093,217.02,2.029,12.67,0.67,1.87,35.1,248.43,0.1,83.38,57.13,11.773,13.04,2.819,0.1287,1
BATCH-0185,2023-03-03 16:00:00,62.29,127.96,1.901,0.477,2.392,4.243,1.812,142.02,1.702,12.182,0.182,1.713,33.5,243.99,0.232,75.59,54.52,15.836,14.1,3.42,0.0516,1
BATCH-0186,2023-03-04 00:00:00,51.47,105.44,2.449,0.4364,3.168,3.88,2.033,159.17,1.572,12.331,0.331,2.618,33.4,258.56,0.471,82.52,47.54,16.091,11.96,3.628,0.3062,1
BATCH-0187,2023-03-04 08:00:00,40.2,72.64,1.54,0.3531,3.026,4.183,1.272,259.21,1.796,13.585,1.585,1.943,32.5,251.22,0.174,82.04,52.02,14.75,15.42,2.691,0.0306,1
BATCH-0188,2023-03-04 16:00:00,39.05,71.6,2.043,0.5093,3.241,4.783,2.059,168.58,2.164,12.458,0.458,2.635,26.8,246.16,0.992,86.03,48.92,12.573,12.35,2.644,0.2458,1
BATCH-0189,2023-03-05 00:00:00,63.21,138.82,2.589,0.4719,3.254,4.254,1.853,218.33,2.135,12.959,0.959,2.418,36.9,250.17,0.478,73.81,55.98,18.516,10.03,3.227,0.4986,1
BATCH-0190,2023-03-05 08:00:00,63.79,125.81,2.72,0.4064,3.302,3.113,1.988,179.39,1.16,10.873,1.127,1.478,36.2,236.96,1.888,87.1,57.01,12.86,11.16,2.751,0.0392,1
BATCH-0191,2023-03-05 16:00:00,48.56,100.54,2.75,0.4332,2.813,4.227,1.914,202.39,1.686,10.686,1.314,1.8,39.2,244.58,0.299,70.94,56.03,16.322,11.44,2.893,,1
BATCH-0192,2023-03-06 00:00:00,46.93,100.05,1.708,0.36,4.061,4.616,1.504,181.0,2.482,13.937,1.937,1.799,32.3,250.18,0.112,74.27,51.85,15.4,12.89,3.351,0.1114,1
BATCH-0193,2023-03-06 08:00:00,61.69,126.55,3.013,0.3885,3.117,3.889,1.351,216.85,2.032,12.121,0.121,1.976,44.5,254.23,1.035,74.71,55.99,16.202,10.58,2.782,0.6515,0
BATCH-0194,2023-03-06 16:00:00,41.14,67.05,2.02,0.4177,2.069,4.498,1.586,204.1,1.433,11.252,0.748,1.982,33.1,240.29,0.327,69.28,53.12,18.414,11.55,2.214,0.02,1
BATCH-0195,2023-03-07 00:00:00,42.84,81.12,2.88,0.5237,2.499,3.655,1.969,186.55,2.942,11.254,0.746,2.899,30.6,248.09,0.777,90.16,50.45,16.123,11.76,2.48,0.0419,0
BATCH-0196,2023-03-07 08:00:00,55.15,86.65,2.494,0.4116,2.13,3.257,2.007,168.49,1.988,11.221,0.779,1.677,30.0,255.05,0.357,70.31,57.97,13.883,11.33,3.004,0.1198,1
BATCH-0197,2023-03-07 16:00:00,46.84,91.67,1.674,0.4884,3.009,4.071,1.39,208.03,2.154,11.149,0.851,2.069,26.3,242.74,0.1,73.01,58.27,17.212,13.22,2.255,0.02,1
BATCH-0198,2023-03-08 00:00:00,49.96,108.35,2.31,0.4177,2.939,3.122,1.506,163.62,2.16,10.46,1.54,2.185,42.7,251.15,0.1,92.55,58.8,13.738,12.96,2.881,0.2685,0
BATCH-0199,2023-03-08 08:00:00,48.69,90.52,2.719,0.4649,2.766,3.88,,212.82,1.853,10.199,1.801,2.0,41.9,250.33,0.201,74.29,52.57,15.327,13.75,2.443,0.0304,0
BATCH-0200,2023-03-08 16:00:00,52.7,95.02,2.868,0.4415,4.005,4.643,1.693,278.79,1.709,11.766,0.234,2.033,38.0,258.57,0.1,78.12,59.72,12.414,11.5,3.656,0.02,0
BATCH-0201,2023-03-09 00:00:00,61.26,93.43,2.415,0.5024,3.274,3.045,1.391,240.51,2.849,11.288,0.712,1.687,30.5,248.85,0.1,69.88,53.03,12.933,13.8,3.866,0.0512,0
BATCH-0202,2023-03-09 08:00:00,50.72,110.17,3.419,0.4179,3.363,3.36,1.373,221.55,2.401,13.329,1.329,2.032,44.1,249.14,1.497,88.33,57.61,15.103,9.95,2.577,0.3146,1
BATCH-0203,2023-03-09 16:00:00,55.15,86.7,3.105,0.3556,2.534,3.484,1.553,197.43,2.329,12.352,0.352,2.153,33.2,254.27,0.128,88.47,52.96,15.736,9.92,3.103,0.029,1
BATCH-0204,2023-03-10 00:00:00,33.6,51.36,2.346,0.3671,2.5,3.968,1.826,141.84,2.231,12.318,0.318,2.098,33.7,243.37,0.407,87.39,54.1,11.595,10.18,2.616,0.02,1
BATCH-0205,2023-03-10 08:00:00,49.61,82.96,2.95,0.4181,3.018,3.817,1.446,160.33,1.599,11.108,0.892,2.171,42.2,248.9,0.1,85.38,45.32,15.995,12.01,2.876,0.0681,0
BATCH-0206,2023-03-10 16:00:00,43.25,66.87,3.66,0.3751,3.087,4.7,1.765,238.48,2.511,11.855,0.145,2.424,38.3,247.72,0.263,80.74,53.79,13.361,13.8,3.721,0.2918,1
BATCH-0207,2023-03-11 00:00:00,40.25,73.2,3.676,0.4746,2.072,4.477,2.118,176.31,1.663,12.433,0.433,2.281,46.0,249.31,0.129,74.76,55.36,17.559,11.1,2.813,0.0398,0
BATCH-0208,2023-03-11 08:00:00,42.97,79.99,1.763,0.4221,2.91,4.248,1.409,179.02,2.113,12.859,0.859,2.021,36.2,254.24,0.276,71.85,53.36,14.296,11.28,2.886,0.2303,0
BATCH-0209,2023-03-11 16:00:00,47.33,81.35,1.944,0.5925,3.007,4.073,,195.03,1.344,11.887,0.113,1.648,33.0,252.77,1.012,92.9,62.02,12.753,11.68,2.623,0.2245,1
BATCH-0210,2023-03-12 00:00:00,57.33,88.04,3.391,0.3457,2.892,4.197,2.107,168.14,1.184,13.295,1.295,1.82,31.9,246.26,0.201,87.65,50.35,15.152,12.86,3.458,0.0533,0
BATCH-0211,2023-03-12 08:00:00,39.39,62.16,1.865,0.4622,2.593,3.569,1.675,163.2,2.127,12.01,0.01,1.934,25.8,250.68,0.575,73.07,52.75,13.168,11.28,1.695,0.1009,1
BATCH-0212,2023-03-12 16:00:00,50.25,88.89,1.706,0.3823,2.73,4.429,1.628,198.49,1.676,12.951,0.951,2.076,33.6,257.45,0.159,80.4,51.38,17.538,11.2,2.823,0.0495,1
BATCH-0213,2023-03-13 00:00:00,46.13,71.14,2.208,0.4204,2.912,3.444,,173.25,1.204,11.412,0.588,1.857,40.7,245.84,0.617,77.0,52.74,15.001,9.98,2.982,0.0428,0
BATCH-0214,2023-03-13 08:00:00,47.38,94.22,2.752,0.4585,3.045,4.418,1.708,177.77,2.216,9.825,2.175,1.719,38.0,250.73,0.1,68.72,59.13,14.697,11.14,2.736,0.1345,1
BATCH-0215,2023-03-13 16:00:00,58.02,95.44,2.439,0.3105,3.302,4.593,2.131,176.56,2.848,12.322,0.322,1.644,35.1,249.03,0.599,81.78,60.91,16.184,13.77,3.345,0.5071,1
BATCH-0216,2023-03-14 00:00:00,54.3,92.94,2.11,0.4642,3.54,4.105,1.929,215.67,2.556,12.87,0.87,1.505,30.0,249.68,0.666,75.85,52.2,12.99,12.14,3.481,0.0717,0
BATCH-0217,2023-03-14 08:00:00,60.7,107.79,2.095,0.5642,2.853,3.912,1.697,193.04,1.897,12.69,0.69,1.93,36.1,241.85,0.1,70.47,52.11,12.422,10.89,2.435,0.5968,0
BATCH-0218,2023-03-14 16:00:00,48.76,87.37,2.073,0.4228,2.772,4.2,1.944,194.64,2.004,12.507,0.507,1.559,40.1,257.05,0.1,65.21,50.37,15.817,13.85,3.837,0.0862,1
BATCH-0219,2023-03-15 00:00:00,44.43,66.7,1.972,0.4656,3.219,2.569,1.896,217.91,2.355,11.582,0.418,1.7,37.2,246.13,0.501,64.36,60.23,12.801,11.12,2.431,0.1502,1
BATCH-0220,2023-03-15 08:00:00,48.21,76.1,3.869,0.5115,3.305,4.151,2.106,195.74,2.449,11.032,0.968,1.882,35.8,255.13,0.202,76.29,59.48,12.8,14.13,3.515,0.0752,1
BATCH-0221,2023-03-15 16:00:00,51.94,109.28,2.679,0.4402,2.783,3.943,1.635,191.65,1.863,12.662,0.662,1.599,31.0,246.89,0.997,79.15,54.58,16.674,14.11,3.06,0.0276,0
BATCH-0222,2023-03-16 00:00:00,51.41,77.16,3.032,0.4151,3.395,3.975,1.812,214.11,2.014,12.512,0.512,2.114,39.3,246.87,2.428,71.25,49.42,16.05,12.08,2.799,0.02,1
BATCH-0223,2023-03-16 08:00:00,41.32,76.69,2.207,0.3135,3.49,4.353,1.782,220.05,2.12,11.327,0.673,2.222,19.3,256.07,0.388,86.51,49.77,12.492,9.75,2.836,0.3748,1
BATCH-0224,2023-03-16 16:00:00,50.72,93.47,2.388,0.4885,3.646,3.963,2.011,195.59,2.222,13.331,1.331,1.835,36.9,254.97,0.473,79.34,55.68,13.762,15.43,2.987,0.056,1
BATCH-0225,2023-03-17 00:00:00,51.83,89.82,2.072,0.4432,3.889,3.43,1.492,202.42,1.947,10.941,1.059,1.869,47.9,251.04,0.161,85.77,57.2,13.193,12.58,3.083,0.4487,0
BATCH-0226,2023-03-17 08:00:00,70.14,126.39,0.909,0.3892,2.567,3.929,2.105,176.55,1.952,11.3,0.7,2.161,27.5,253.81,1.724,78.17,46.74,18.553,11.51,2.632,0.0861,1
BATCH-0227,2023-03-17 16:00:00,65.01,133.05,1.673,0.4576,3.007,4.034,1.94,174.18,2.552,13.964,1.964,1.786,33.8,248.56,0.479,72.13,53.71,16.812,13.43,2.906,0.02,1
BATCH-0228,2023-03-18 00:00:00,43.17,90.18,1.414,0.415,3.006,4.057,1.405,223.07,2.484,13.042,1.042,1.765,35.0,249.96,0.349,81.14,61.47,14.158,13.05,2.692,0.1174,1
BATCH-0229,2023-03-18 08:00:00,47.7,80.24,1.15,0.4183,2.951,4.081,,213.35,2.191,11.57,0.43,2.359,32.7,246.69,0.318,67.37,54.13,16.152,13.97,2.514,0.329,1
BATCH-0230,2023-03-18 16:00:00,38.29,66.08,1.783,0.4864,2.675,4.52,2.47,213.66,2.688,12.345,0.345,2.265,40.2,254.52,0.1,85.39,60.96,12.288,11.01,2.673,0.1532,1
BATCH-0231,2023-03-19 00:00:00,45.27,75.6,3.295,0.3697,2.257,3.457,2.101,208.43,1.845,12.186,0.186,2.18,37.4,246.53,0.559,70.63,57.6,13.655,12.48,2.54,0.2756,1
BATCH-0232,2023-03-19 08:00:00,52.52,96.43,2.473,0.5128,3.046,4.088,2.228,201.39,2.649,8.705,3.295,2.278,35.8,257.43,0.1,89.18,50.66,15.21,10.22,2.832,0.1105,1
BATCH-0233,2023-03-19 16:00:00,59.65,118.0,3.274,0.3661,2.616,4.645,1.826,220.89,2.217,10.912,1.088,1.407,39.0,248.42,0.1,76.62,53.83,15.904,13.0,3.173,0.0341,1
BATCH-0234,2023-03-20 00:00:00,44.17,73.31,2.747,0.4102,3.043,3.133,1.302,228.05,3.308,11.939,0.061,2.406,35.1,250.1,0.59,90.63,54.49,14.805,11.97,3.048,0.0773,1
BATCH-0235,2023-03-20 08:00:00,44.77,77.51,2.97,0.5654,2.603,4.09,1.247,227.34,1.523,11.572,0.428,2.118,50.9,253.79,0.1,68.77,51.19,15.496,12.42,3.79,0.1445,1
BATCH-0236,2023-03-20 16:00:00,32.82,70.61,1.959,0.5176,2.45,3.707,1.877,196.98,1.724,12.297,0.297,2.303,35.8,250.12,0.37,73.22,51.12,15.157,11.78,2.116,0.2883,1
BATCH-0237,2023-03-21 00:00:00,48.7,74.7,2.814,0.4559,3.117,3.815,1.622,241.61,2.168,13.355,1.355,2.116,36.0,248.51,0.445,83.81,61.03,14.673,11.62,3.188,0.0206,1
BATCH-0238,2023-03-21 08:00:00,41.5,75.64,2.937,0.3936,3.075,3.548,1.526,206.85,2.159,11.614,0.386,2.015,26.4,249.85,0.1,91.7,51.09,14.408,10.7,3.003,0.3455,1
BATCH-0239,2023-03-21 16:00:00,45.76,91.44,2.154,0.4182,3.29,3.915,1.781,218.97,2.78,10.731,1.269,1.917,32.3,254.47,0.157,96.67,59.31,14.147,13.19,3.326,0.02,1
BATCH-0240,2023-03-22 00:00:00,42.99,69.0,2.836,0.4544,4.093,4.921,1.985,208.46,1.733,12.39,0.39,2.11,40.7,246.69,0.74,80.41,53.25,15.464,14.23,3.287,0.02,1
BATCH-0241,2023-03-22 08:00:00,49.25,75.5,2.84,0.4523,3.139,3.368,1.364,207.41,2.362,11.608,0.392,1.906,28.3,249.37,0.416,98.38,54.9,15.822,11.16,2.934,0.0429,0
BATCH-0242,2023-03-22 16:00:00,35.94,57.38,2.17,0.4445,3.243,3.415,1.665,177.93,2.465,11.813,0.187,2.26,24.2,250.05,0.232,77.1,57.25,15.397,12.83,3.069,0.1937,1
BATCH-0243,2023-03-23 00:00:00,38.26,82.01,1.826,0.4482,2.461,3.349,2.253,221.04,2.282,11.65,0.35,1.524,35.2,254.32,0.119,90.99,52.61,12.643,12.65,2.702,0.02,1
BATCH-0244,2023-03-23 08:00:00,67.03,100.99,1.79,0.4371,2.357,4.864,1.477,285.36,1.616,14.69,2.69,1.838,41.9,249.5,0.438,70.58,57.27,13.002,12.01,3.245,,0
BATCH-0245,2023-03-23 16:00:00,39.7,64.78,2.552,0.3635,3.791,3.769,,188.76,2.563,9.311,2.689,2.613,35.2,259.04,0.206,84.2,46.81,15.798,9.71,2.248,0.195,0
BATCH-0246,2023-03-24 00:00:00,41.23,62.74,2.696,0.419,2.538,3.987,,202.13,2.492,11.534,0.466,1.812,33.3,249.22,0.306,56.58,56.76,17.943,10.05,3.311,0.0289,1
BATCH-0247,2023-03-24 08:00:00,64.7,102.05,2.024,0.5049,2.478,3.799,1.964,186.61,2.24,11.996,0.004,1.928,25.7,248.81,0.539,68.78,45.13,15.305,10.83,2.991,0.0373,1
BATCH-0248,2023-03-24 16:00:00,73.24,141.65,2.516,0.3679,2.98,3.528,2.129,185.36,2.082,11.063,0.937,1.735,37.3,249.14,0.963,84.67,54.09,14.177,8.79,2.805,0.0263,1
BATCH-0249,2023-03-25 00:00:00,40.63,67.81,2.842,0.4386,2.955,3.882,2.022,246.33,2.09,13.08,1.08,2.101,38.3,243.42,1.961,66.88,58.42,15.449,14.11,2.907,0.1147,0
BATCH-0250,2023-03-25 08:00:00,47.05,89.33,2.871,0.4008,2.549,5.229,,179.81,1.969,12.976,0.976,1.779,26.1,244.82,0.7,84.27,57.49,12.726,12.55,2.936,0.2012,1
BATCH-0251,2023-03-25 16:00:00,52.73,100.88,3.431,0.4567,2.848,4.696,1.455,185.78,2.256,11.943,0.057,1.944,40.7,247.35,0.554,89.06,49.81,17.618,11.96,3.519,0.0346,1
BATCH-0252,2023-03-26 00:00:00,63.83,133.7,3.266,0.4267,3.615,3.574,2.134,152.38,2.012,11.675,0.325,2.255,38.8,255.68,1.92,74.99,50.32,15.373,8.71,4.293,0.0399,1
BATCH-0253,2023-03-26 08:00:00,42.11,63.3,1.899,0.5386,2.597,4.324,1.544,177.27,1.661,11.866,0.134,1.79,40.7,249.83,0.17,70.31,52.25,13.661,9.26,3.488,0.0816,0
BATCH-0254,2023-03-26 16:00:00,48.04,100.75,3.51,0.4804,2.303,3.584,1.878,148.75,1.581,11.874,0.126,2.237,37.9,247.58,0.359,75.26,55.74,14.666,12.0,2.774,0.02,1
BATCH-0255,2023-03-27 00:00:00,56.22,108.69,2.181,0.3713,3.471,3.112,1.877,218.95,1.699,11.906,0.094,2.247,38.3,256.13,0.321,70.34,46.87,13.946,14.96,3.252,0.468,1
BATCH-0256,2023-03-27 08:00:00,53.48,86.31,3.127,0.4903,3.246,4.51,1.946,283.99,2.089,11.774,0.226,2.316,37.6,257.76,0.512,78.99,54.95,17.623,10.95,3.269,0.02,1
BATCH-0257,2023-03-27 16:00:00,46.99,95.91,2.541,0.4035,2.69,4.58,1.901,189.0,1.989,12.303,0.303,2.042,39.3,256.28,0.564,81.02,56.25,14.596,13.3,2.63,0.0895,0
BATCH-0258,2023-03-28 00:00:00,48.93,102.7,2.253,0.4154,2.209,4.523,1.547,150.0,2.086,12.904,0.904,2.972,25.9,245.73,1.572,76.94,53.87,15.311,11.28,2.496,0.1196,1
BATCH-0259,2023-03-28 08:00:00,39.0,65.44,1.415,0.4688,2.628,3.765,1.395,227.0,2.2,10.524,1.476,2.316,27.5,247.52,0.1,96.74,57.1,16.147,12.08,2.975,0.0698,1
BATCH-0260,2023-03-28 16:00:00,48.09,103.07,2.397,0.4205,2.973,3.917,2.062,178.19,1.749,10.739,1.261,2.097,31.3,259.07,0.4,72.81,55.89,13.518,13.82,3.323,0.2902,0
BATCH-0261,2023-03-29 00:00:00,47.87,87.03,1.564,0.5036,3.583,4.375,,238.98,2.586,9.902,2.098,1.737,34.4,251.21,0.233,93.91,52.83,15.387,11.48,2.355,0.0637,1
BATCH-0262,2023-03-29 08:00:00,51.86,99.69,3.08,0.4035,2.482,4.196,2.145,191.54,1.893,13.04,1.04,1.971,36.9,248.66,0.1,69.59,47.26,15.549,10.96,2.712,0.0645,1
BATCH-0263,2023-03-29 16:00:00,45.56,99.74,3.41,0.4129,2.958,3.803,1.787,181.05,1.827,12.3,0.3,2.428,36.6,253.59,0.1,80.73,55.53,11.892,14.13,3.229,0.1347,0
BATCH-0264,2023-03-30 00:00:00,53.77,94.27,2.022,0.4106,3.338,3.19,1.378,194.66,2.193,12.606,0.606,2.513,40.6,255.04,0.19,91.83,51.19,15.505,12.07,3.017,,1
BATCH-0265,2023-03-30 08:00:00,58.1,120.22,2.681,0.4161,1.809,4.057,2.09,222.73,1.265,10.285,1.715,2.443,40.7,247.14,0.209,91.31,52.69,14.908,13.64,3.567,0.1479,0
BATCH-0266,2023-03-30 16:00:00,51.24,88.29,2.065,0.516,3.517,4.54,1.689,193.18,1.684,14.142,2.142,2.236,30.6,251.1,1.15,75.8,56.92,15.26,10.97,2.435,0.0313,1
BATCH-0267,2023-03-31 00:00:00,52.81,108.77,2.123,0.4877,2.409,3.401,1.903,185.1,2.392,11.269,0.731,1.623,36.2,254.63,0.235,85.55,60.67,15.071,14.11,3.941,0.0968,1
BATCH-0268,2023-03-31 08:00:00,50.43,96.84,2.965,0.5526,3.166,4.319,1.606,194.04,1.305,12.202,0.202,2.146,30.8,244.2,0.433,84.21,54.85,15.518,12.41,2.385,0.0758,0
BATCH-0269,2023-03-31 16:00:00,50.0,82.57,2.477,0.5861,3.123,4.166,2.293,161.84,2.447,13.025,1.025,1.628,34.1,250.06,0.535,74.6,57.22,17.675,12.65,2.188,0.0758,1
BATCH-0270,2023-04-01 00:00:00,44.23,79.16,3.544,0.3882,3.542,4.375,1.537,211.91,2.604,10.816,1.184,1.554,36.6,244.43,0.459,86.16,49.22,12.641,12.2,2.976,0.0543,1
BATCH-0271,2023-04-01 08:00:00,52.53,90.48,2.211,0.4542,3.275,4.436,1.699,146.4,1.852,11.344,0.656,2.072,18.0,245.08,0.275,98.62,55.98,14.316,11.24,2.546,0.0915,1
BATCH-0272,2023-04-01 16:00:00,49.22,76.52,3.1,0.3794,1.811,3.653,1.832,186.68,2.117,12.215,0.215,2.157,47.1,247.18,1.185,84.72,54.76,16.333,12.0,2.984,0.0693,1
BATCH-0273,2023-04-02 00:00:00,66.75,101.51,2.558,0.4033,2.608,3.192,1.472,222.78,2.448,15.429,3.429,2.271,37.8,252.39,1.06,85.66,59.92,15.962,11.34,2.971,0.6642,0
BATCH-0274,2023-04-02 08:00:00,62.59,109.06,2.977,0.4122,3.069,3.733,1.899,209.09,1.813,12.361,0.361,2.149,32.0,248.39,0.397,86.72,52.84,15.919,13.44,2.922,0.3314,1
BATCH-0275,2023-04-02 16:00:00,53.09,80.34,2.232,0.3866,2.903,4.445,2.284,217.71,2.347,13.928,1.928,2.159,44.6,246.76,0.1,65.39,54.03,20.507,11.7,2.663,0.0361,0
BATCH-0276,2023-04-03 00:00:00,43.9,70.93,2.47,0.3869,3.239,3.729,1.653,198.05,1.732,13.447,1.447,1.705,33.3,250.26,0.286,84.6,59.24,16.228,9.76,3.173,0.02,0
BATCH-0277,2023-04-03 08:00:00,41.1,82.51,2.431,0.4413,3.395,3.653,,235.09,1.809,12.442,0.442,1.969,35.7,244.27,0.198,69.83,,17.262,9.48,2.873,0.02,1
BATCH-0278,2023-04-03 16:00:00,59.53,118.8,1.998,0.377,3.304,3.089,0.975,227.74,1.68,10.813,1.187,1.548,32.6,252.14,0.359,74.1,50.56,14.386,9.41,3.441,0.0513,1
BATCH-0279,2023-04-04 00:00:00,52.1,105.09,2.897,0.5005,2.893,4.876,1.788,213.38,2.137,13.272,1.272,1.399,43.3,255.66,0.296,101.62,65.21,13.014,12.93,2.928,0.11,1
BATCH-0280,2023-04-04 08:00:00,53.84,92.71,2.89,0.3949,2.077,4.413,1.706,227.83,2.463,10.202,1.798,2.222,34.5,249.6,0.377,77.47,50.69,14.371,10.27,2.614,0.1093,1
BATCH-0281,2023-04-04 16:00:00,36.04,76.52,2.856,0.6186,2.772,4.385,1.554,222.51,1.926,13.921,1.921,1.774,35.7,248.99,0.519,72.6,54.74,16.424,12.45,2.325,,0
BATCH-0282,2023-04-05 00:00:00,57.42,110.0,3.422,0.4229,3.208,4.484,2.124,186.82,1.492,12.24,0.24,2.262,41.0,251.87,0.558,91.53,56.39,15.814,12.2,2.931,0.3682,1
BATCH-0283,2023-04-05 08:00:00,53.64,85.18,3.37,0.4543,2.455,4.288,1.702,159.68,1.567,8.82,3.18,2.333,37.9,239.86,0.53,70.52,56.07,15.807,11.9,2.492,0.2811,0
BATCH-0284,2023-04-05 16:00:00,41.12,65.81,2.275,0.3723,3.316,3.878,1.747,212.61,2.158,11.591,0.409,1.814,34.7,252.68,0.666,75.53,54.24,14.571,12.66,2.46,0.3547,1
BATCH-0285,2023-04-06 00:00:00,46.23,91.77,2.724,0.5524,3.454,3.918,1.687,216.38,2.738,12.785,0.785,2.177,40.6,265.51,0.795,92.49,54.26,14.252,12.24,3.211,0.024,1
BATCH-0286,2023-04-06 08:00:00,52.11,84.47,2.126,0.5172,3.063,3.786,1.225,232.71,2.157,11.716,0.284,1.802,47.7,249.39,0.281,80.43,54.06,14.64,7.94,2.289,0.0243,0
BATCH-0287,2023-04-06 16:00:00,50.42,93.53,2.514,0.4678,1.468,5.317,1.46,171.91,1.845,12.858,0.858,1.446,36.6,249.4,1.357,64.38,50.54,16.449,11.51,3.565,0.2007,1
BATCH-0288,2023-04-07 00:00:00,47.66,104.58,2.14,0.3692,2.361,4.278,2.088,172.81,2.306,10.98,1.02,2.037,35.6,253.72,1.621,85.44,63.6,16.681,12.64,3.064,0.02,1
BATCH-0289,2023-04-07 08:00:00,49.17,73.9,3.472,0.4626,3.943,3.768,1.167,213.8,1.904,10.433,1.567,1.859,35.9,258.23,0.174,76.04,54.12,12.988,14.46,2.982,0.1884,0
BATCH-0290,2023-04-07 16:00:00,47.98,72.53,2.718,0.3827,2.727,4.233,1.57,197.86,1.849,11.914,0.086,1.868,41.6,254.87,1.153,95.4,57.39,16.525,14.53,2.586,0.02,1
BATCH-0291,2023-04-08 00:00:00,51.22,112.44,2.369,0.5377,2.008,3.495,1.68,143.43,1.617,12.038,0.038,2.593,32.0,239.22,0.53,73.94,53.66,13.699,9.96,3.306,0.1149,1
BATCH-0292,2023-04-08 08:00:00,61.77,117.94,3.216,0.4986,3.618,4.752,2.323,211.25,2.563,11.582,0.418,1.542,33.6,252.82,0.465,90.51,53.58,15.938,11.48,2.999,0.02,1
BATCH-0293,2023-04-08 16:00:00,29.47,46.82,1.198,0.4557,3.007,3.669,2.031,144.43,0.984,13.473,1.473,2.115,27.3,262.86,0.101,97.76,53.18,14.616,9.65,2.726,0.0483,1
BATCH-0294,2023-04-09 00:00:00,48.11,102.37,1.292,0.3038,3.552,4.251,1.633,171.64,2.319,10.98,1.02,1.702,29.1,253.11,0.453,71.49,48.8,18.132,14.28,3.08,0.0519,0
BATCH-0295,2023-04-09 08:00:00,51.41,108.8,2.978,0.391,3.138,4.533,2.191,240.55,1.815,12.376,0.376,2.272,32.4,244.23,0.282,78.07,54.36,14.164,13.52,2.327,0.2296,1
BATCH-0296,2023-04-09 16:00:00,52.37,98.21,2.536,0.4913,3.229,4.192,1.578,254.75,1.836,12.082,0.082,2.09,34.7,251.41,2.674,83.89,53.37,15.357,12.53,2.346,0.02,1
BATCH-0297,2023-04-10 00:00:00,47.02,91.0,2.65,0.5228,3.182,4.047,2.103,163.53,2.677,10.132,1.868,2.114,43.8,243.6,0.845,71.43,59.69,16.213,12.25,2.552,0.1814,1
BATCH-0298,2023-04-10 08:00:00,35.95,60.79,1.704,0.5166,3.349,4.005,1.392,190.12,1.714,10.417,1.583,1.717,37.7,256.16,0.394,82.7,50.21,13.252,14.07,3.14,0.048,1
BATCH-0299,2023-04-10 16:00:00,52.62,80.8,2.486,0.3545,4.139,3.972,2.122,201.28,1.728,12.014,0.014,1.77,30.4,245.22,0.842,77.75,52.69,14.854,13.82,2.999,0.1267,1
BATCH-0300,2023-04-11 00:00:00,63.82,122.29,3.702,0.4681,3.486,3.712,1.678,253.44,1.948,14.377,2.377,2.278,31.4,250.37,0.316,77.55,51.41,14.467,13.74,3.42,0.3444,0
BATCH-0301,2023-04-11 08:00:00,37.73,64.38,2.995,0.5109,2.21,3.775,1.491,185.21,2.166,12.695,0.695,2.531,41.9,245.71,0.1,80.49,60.77,13.972,12.69,2.632,0.2185,1
BATCH-0302,2023-04-11 16:00:00,56.91,111.8,2.602,0.3505,3.223,4.74,1.735,185.69,1.823,9.929,2.071,2.144,40.6,247.27,1.205,80.71,51.52,14.121,11.48,3.23,0.2487,1
BATCH-0303,2023-04-12 00:00:00,47.37,98.79,2.237,0.4495,3.571,3.946,1.883,246.46,1.37,8.267,3.733,1.731,35.1,257.43,0.449,81.64,57.25,17.224,13.15,2.954,0.5058,1
BATCH-0304,2023-04-12 08:00:00,49.51,74.89,2.263,0.4664,3.601,3.607,1.652,188.76,1.654,12.88,0.88,2.102,32.8,250.52,0.198,74.01,58.88,13.803,13.22,2.623,0.02,1
BATCH-0305,2023-04-12 16:00:00,41.58,79.7,1.222,0.432,2.787,3.742,1.966,221.67,2.513,11.885,0.115,2.728,40.6,247.2,0.613,74.45,54.42,16.133,11.71,3.154,0.442,1
BATCH-0306,2023-04-13 00:00:00,47.32,78.65,2.655,0.3389,3.582,4.55,1.625,155.69,2.03,13.37,1.37,2.031,30.0,244.27,1.047,78.81,49.49,15.629,11.47,2.974,0.4112,0
BATCH-0307,2023-04-13 08:00:00,60.4,127.55,3.007,0.4305,3.464,4.338,1.986,194.86,2.18,10.943,1.057,2.439,37.0,240.64,0.771,79.55,49.54,12.206,13.7,2.748,0.1242,1
BATCH-0308,2023-04-13 16:00:00,54.66,91.7,1.555,0.4304,4.286,4.28,1.933,150.21,1.895,12.42,0.42,1.778,46.4,243.74,0.273,75.61,58.44,16.038,14.5,3.017,0.2871,1
BATCH-0309,2023-04-14 00:00:00,63.86,123.09,2.103,0.4411,2.625,3.871,1.782,168.34,1.736,13.015,1.015,1.987,36.0,250.56,0.1,83.24,49.96,12.173,10.88,2.948,0.02,1
BATCH-0310,2023-04-14 08:00:00,59.42,112.15,1.806,0.4162,2.746,4.287,1.668,225.18,2.671,11.463,0.537,2.186,31.1,254.9,1.027,61.85,56.57,16.256,11.6,2.939,0.1124,1
BATCH-0311,2023-04-14 16:00:00,53.51,95.11,1.921,0.4234,2.847,3.678,1.845,198.5,1.925,11.489,0.511,2.119,37.1,247.2,0.342,72.7,55.46,13.986,12.53,2.835,0.0909,1
BATCH-0312,2023-04-15 00:00:00,63.95,126.26,2.532,0.4476,2.755,3.87,1.965,190.43,1.823,12.03,0.03,1.77,32.6,257.85,0.1,77.2,56.51,15.017,12.73,2.478,0.6071,0
BATCH-0313,2023-04-15 08:00:00,53.51,107.45,1.249,0.4765,2.555,4.485,2.419,177.54,2.438,12.651,0.651,1.757,28.0,246.41,0.1,71.44,56.89,12.411,11.22,3.03,0.0447,1
BATCH-0314,2023-04-15 16:00:00,56.62,107.41,2.869,0.4317,1.619,4.437,2.082,193.38,1.711,11.983,0.017,2.296,38.5,248.81,0.1,96.29,51.27,15.245,14.83,2.679,0.1128,1
BATCH-0315,2023-04-16 00:00:00,47.63,96.73,2.952,0.4254,2.783,3.509,2.093,209.03,1.762,13.169,1.169,2.357,40.6,244.6,0.581,80.19,51.1,16.854,12.63,2.592,0.0294,1
BATCH-0316,2023-04-16 08:00:00,50.53,110.58,2.349,0.4555,3.185,3.572,2.727,229.49,2.004,11.446,0.554,2.454,33.4,254.95,1.116,81.77,57.86,13.386,12.8,2.904,0.1164,1
BATCH-0317,2023-04-16 16:00:00,44.42,79.67,1.012,0.3347,2.753,4.054,1.955,121.25,2.0,10.406,1.594,2.541,33.1,260.49,0.66,75.17,52.48,13.786,14.64,3.294,0.2447,1
BATCH-0318,2023-04-17 00:00:00,57.92,107.74,1.902,0.4786,3.968,4.863,1.945,175.05,2.104,14.372,2.372,2.04,30.2,241.19,0.113,79.84,44.0,15.909,11.33,3.074,0.1835,1
BATCH-0319,2023-04-17 08:00:00,40.57,61.21,3.24,0.45,3.007,3.042,2.011,204.77,2.837,11.274,0.726,1.907,34.3,248.27,1.339,67.85,57.6,15.959,11.87,2.788,0.02,1
BATCH-0320,2023-04-17 16:00:00,56.26,115.74,0.833,0.4524,3.646,4.139,1.497,197.03,2.134,11.318,0.682,2.405,32.2,256.32,0.102,78.3,50.85,10.132,10.12,2.771,0.02,1
BATCH-0321,2023-04-18 00:00:00,48.47,90.36,2.291,0.5076,3.131,3.312,1.667,212.1,1.049,11.921,0.079,2.214,29.9,242.77,0.96,70.63,56.87,19.031,11.74,3.254,0.1628,1
BATCH-0322,2023-04-18 08:00:00,59.37,106.01,1.792,0.3328,3.413,3.683,1.648,208.03,2.131,12.081,0.081,1.705,44.5,252.83,0.431,77.23,60.57,16.057,9.77,2.041,0.1449,1
BATCH-0323,2023-04-18 16:00:00,56.01,87.7,2.983,0.3316,3.14,3.818,1.994,190.85,2.015,11.536,0.464,1.69,37.3,256.11,0.1,54.4,55.07,16.394,13.12,3.319,0.1047,1
BATCH-0324,2023-04-19 00:00:00,64.57,137.06,2.095,0.4664,3.684,3.79,1.748,184.19,2.017,11.979,0.021,2.148,37.9,250.39,0.116,68.72,58.98,14.713,12.63,2.25,0.0414,0
BATCH-0325,2023-04-19 08:00:00,55.85,99.21,2.742,0.4496,3.028,3.733,1.841,192.63,2.098,11.952,0.048,1.947,39.4,252.75,0.1,94.64,55.62,11.289,11.58,2.434,0.02,1
BATCH-0326,2023-04-19 16:00:00,37.42,74.02,2.839,0.4602,3.248,4.004,2.126,234.46,1.989,12.21,0.21,1.992,38.9,258.8,0.436,88.3,61.35,16.349,11.85,2.794,0.2314,1
BATCH-0327,2023-04-20 00:00:00,49.46,79.37,3.602,0.4223,3.183,3.732,2.059,178.04,1.979,9.171,2.829,2.322,32.9,259.74,0.735,93.19,50.75,13.87,13.14,3.868,0.1418,1
BATCH-0328,2023-04-20 08:00:00,40.62,88.28,2.378,0.4899,2.856,3.269,1.751,198.12,2.245,14.257,2.257,2.228,36.4,249.69,0.564,93.88,54.97,16.088,10.3,3.671,0.2205,0
BATCH-0329,2023-04-20 16:00:00,45.85,74.51,2.726,0.506,3.202,4.39,1.599,205.5,1.783,11.823,0.177,2.399,33.7,247.34,1.046,86.73,57.69,14.562,12.31,3.283,0.202,1
BATCH-0330,2023-04-21 00:00:00,62.09,101.81,1.609,0.479,4.117,4.376,2.141,246.81,1.621,12.697,0.697,1.421,37.2,245.4,0.538,75.47,54.24,15.476,13.05,3.143,0.1081,1
BATCH-0331,2023-04-21 08:00:00,55.1,115.78,3.214,0.4344,2.865,4.422,2.032,190.99,3.21,10.346,1.654,2.076,36.7,254.88,0.1,69.63,59.61,13.45,9.33,2.255,0.0769,0
BATCH-0332,2023-04-21 16:00:00,44.41,94.98,2.044,0.3235,3.21,3.23,1.318,228.76,1.714,11.435,0.565,2.208,33.1,243.14,0.65,91.47,53.27,16.729,13.03,3.063,0.02,1
BATCH-0333,2023-04-22 00:00:00,41.89,69.06,2.164,0.4962,3.629,4.149,1.706,236.96,2.04,11.193,0.807,1.542,28.4,248.74,0.461,80.65,63.28,12.623,9.49,2.78,0.0944,1
BATCH-0334,2023-04-22 08:00:00,50.26,91.92,2.487,0.5233,3.57,4.338,1.85,198.09,1.402,13.764,1.764,1.804,35.7,250.51,0.325,104.94,63.49,19.491,11.82,2.673,0.0954,1
BATCH-0335,2023-04-22 16:00:00,40.27,81.08,1.562,0.4887,3.006,3.484,2.034,193.68,2.047,11.297,0.703,1.748,34.0,247.48,0.983,76.35,56.13,19.476,10.25,3.062,0.0409,1
BATCH-0336,2023-04-23 00:00:00,44.63,94.39,2.637,0.3972,1.808,4.005,2.073,190.13,1.627,12.91,0.91,2.007,25.5,251.4,2.226,99.73,57.21,18.265,14.15,2.812,0.3086,1
BATCH-0337,2023-04-23 08:00:00,52.5,92.67,3.08,0.4904,3.258,3.942,1.885,192.33,1.823,11.219,0.781,2.488,37.5,262.82,0.242,78.43,59.77,17.551,10.26,3.348,0.1635,1
BATCH-0338,2023-04-23 16:00:00,59.24,110.3,2.676,0.5016,1.89,4.921,1.976,225.63,2.418,11.457,0.543,2.607,39.8,249.39,0.363,93.36,50.25,14.831,9.52,2.226,0.0211,1
BATCH-0339,2023-04-24 00:00:00,54.87,110.79,1.547,0.5435,3.735,4.962,1.819,206.93,2.189,11.705,0.295,1.756,47.6,247.82,0.509,96.97,49.75,17.333,12.2,3.03,0.3978,0
BATCH-0340,2023-04-24 08:00:00,31.67,63.71,2.426,0.3974,3.085,3.168,1.598,207.06,2.227,13.541,1.541,2.158,33.0,255.08,0.687,69.77,60.03,14.808,11.38,2.648,0.1293,0
BATCH-0341,2023-04-24 16:00:00,52.43,107.39,2.945,0.4364,3.5,5.247,1.722,166.24,1.292,9.732,2.268,2.168,32.3,251.2,0.653,75.15,56.1,11.893,9.74,2.836,0.0483,0
BATCH-0342,2023-04-25 00:00:00,50.58,96.04,1.373,0.4948,2.549,3.542,1.806,170.98,2.735,10.421,1.579,2.116,29.5,257.2,0.1,69.67,54.09,18.006,12.79,3.122,0.438,0
BATCH-0343,2023-04-25 08:00:00,53.31,83.87,1.855,0.4534,2.224,4.49,1.79,264.3,1.523,9.663,2.337,2.12,36.0,250.82,0.1,67.7,55.04,17.258,9.01,2.553,0.0937,1
BATCH-0344,2023-04-25 16:00:00,62.93,134.22,3.026,0.383,3.13,4.485,1.234,194.67,2.611,10.695,1.305,2.091,36.0,248.76,0.497,86.67,45.46,14.937,10.45,3.066,0.2739,1
BATCH-0345,2023-04-26 00:00:00,33.49,70.54,2.662,0.4749,2.983,3.502,1.681,176.76,2.409,11.026,0.974,2.506,30.9,241.08,0.1,78.03,54.24,12.55,11.14,2.915,0.1492,1
BATCH-0346,2023-04-26 08:00:00,45.27,93.2,2.747,0.4847,2.754,4.247,1.817,242.93,2.231,10.063,1.937,2.331,34.1,241.9,0.21,80.52,51.99,13.828,13.2,2.736,0.0397,0
BATCH-0347,2023-04-26 16:00:00,54.73,85.92,3.616,0.4553,3.042,3.946,1.716,208.45,1.658,11.119,0.881,1.682,25.1,240.82,0.445,85.56,58.67,11.358,13.94,2.812,0.1881,1
BATCH-0348,2023-04-27 00:00:00,37.35,61.36,2.781,0.4632,4.384,4.277,1.726,217.34,2.061,9.582,2.418,2.239,39.6,251.9,0.1,61.43,58.98,16.89,13.65,2.938,0.0489,1
BATCH-0349,2023-04-27 08:00:00,61.81,124.88,2.895,0.4345,3.417,4.115,1.946,195.86,1.812,10.778,1.222,2.268,31.1,243.19,0.845,92.87,57.31,11.793,11.77,2.693,0.0592,1
BATCH-0350,2023-04-27 16:00:00,52.95,80.28,4.126,0.5387,3.525,4.598,1.476,190.44,2.012,13.441,1.441,2.094,34.8,256.28,0.427,76.51,56.58,15.574,8.36,3.003,0.0774,1
BATCH-0351,2023-04-28 00:00:00,56.77,124.07,2.372,0.396,3.422,4.038,1.312,194.91,1.9,12.484,0.484,2.339,27.9,250.15,0.1,85.32,49.01,13.313,12.59,2.889,0.0716,1
BATCH-0352,2023-04-28 08:00:00,45.43,80.14,2.021,0.4148,3.74,3.916,1.696,158.52,1.185,12.225,0.225,2.056,32.1,248.78,0.1,86.21,57.36,12.147,14.21,2.755,0.1379,1
BATCH-0353,2023-04-28 16:00:00,56.51,113.22,2.757,0.4507,2.905,4.548,2.029,197.36,2.449,10.797,1.203,2.06,33.6,245.78,0.171,93.71,57.52,15.477,13.85,3.636,0.2252,1
BATCH-0354,2023-04-29 00:00:00,58.55,124.2,2.763,0.5027,1.973,4.29,2.306,208.88,1.968,10.157,1.843,2.036,34.9,253.11,0.198,78.95,59.98,14.332,12.69,3.166,0.0849,0
BATCH-0355,2023-04-29 08:00:00,51.86,92.12,2.184,0.3602,2.906,4.366,2.035,255.51,1.806,10.633,1.367,1.395,37.4,245.98,0.447,58.76,63.47,16.676,10.22,2.847,0.106,1
BATCH-0356,2023-04-29 16:00:00,51.88,89.4,1.881,0.3714,3.406,3.668,1.36,202.58,1.776,11.948,0.052,1.976,42.2,245.07,0.1,80.57,48.23,12.465,11.21,3.058,0.02,1
BATCH-0357,2023-04-30 00:00:00,52.16,100.47,3.886,0.3277,2.515,3.477,1.73,129.97,2.143,13.042,1.042,1.8,38.7,255.94,0.395,82.01,53.45,13.485,14.9,2.589,0.1119,1
BATCH-0358,2023-04-30 08:00:00,43.09,82.17,2.696,0.452,2.912,3.716,1.877,197.18,1.642,13.083,1.083,1.644,39.8,251.77,0.372,69.66,52.03,10.225,9.87,2.825,0.0325,0
BATCH-0359,2023-04-30 16:00:00,48.82,87.21,2.061,0.3829,2.654,3.69,1.853,282.19,1.098,12.757,0.757,2.43,42.2,248.83,0.317,81.47,55.69,10.631,10.28,2.872,0.0593,1
BATCH-0360,2023-05-01 00:00:00,48.78,93.72,3.05,0.4269,3.751,4.393,1.962,225.99,2.163,11.115,0.885,2.151,37.8,253.21,1.327,76.39,55.05,18.596,13.41,2.501,0.064,1
BATCH-0361,2023-05-01 08:00:00,53.07,114.35,2.435,0.4897,3.375,4.488,1.525,175.67,2.208,12.029,0.029,1.991,34.8,250.04,0.394,66.57,54.06,19.167,11.35,3.155,0.1159,1
BATCH-0362,2023-05-01 16:00:00,58.0,105.98,2.348,0.4115,3.326,3.922,1.819,217.73,1.92,11.614,0.386,1.831,40.0,251.92,0.1,86.71,59.11,15.185,10.23,2.798,0.2033,1
BATCH-0363,2023-05-02 00:00:00,41.53,68.02,2.837,0.4639,3.311,4.715,,177.74,1.541,11.759,0.241,2.089,40.4,245.92,0.467,74.36,,13.352,14.29,2.858,0.0941,1
BATCH-0364,2023-05-02 08:00:00,49.0,86.44,1.725,0.432,2.981,4.684,2.048,159.39,2.036,14.445,2.445,2.297,38.2,260.35,0.1,75.94,50.84,14.403,12.69,2.773,0.02,1
BATCH-0365,2023-05-02 16:00:00,61.85,109.84,2.712,0.4903,3.099,4.122,1.558,189.55,1.414,9.886,2.114,1.752,27.7,247.1,0.21,75.37,50.9,16.747,11.43,4.184,0.4043,0
BATCH-0366,2023-05-03 00:00:00,44.05,70.12,3.648,0.4785,2.407,3.589,1.696,202.75,1.589,11.718,0.282,1.999,30.8,257.78,0.251,92.35,53.56,13.971,10.28,2.735,0.0366,1
BATCH-0367,2023-05-03 08:00:00,43.42,70.08,2.78,0.4085,1.907,4.788,0.989,143.84,1.7,13.454,1.454,2.26,33.6,249.06,0.24,79.59,50.09,15.475,15.07,2.173,0.0902,1
BATCH-0368,2023-05-03 16:00:00,51.62,102.16,2.274,0.4399,3.075,3.969,1.614,165.53,2.338,10.241,1.759,1.419,38.9,254.04,0.122,80.79,54.81,14.974,11.96,2.36,0.4543,0
BATCH-0369,2023-05-04 00:00:00,56.76,98.62,2.196,0.5126,3.162,4.063,1.643,200.31,1.855,11.228,0.772,1.983,34.9,253.67,0.709,75.59,54.34,13.862,14.1,3.304,0.3997,1
BATCH-0370,2023-05-04 08:00:00,50.09,108.62,2.254,0.4736,3.605,3.83,1.494,187.75,1.821,11.365,0.635,1.871,40.7,255.73,0.436,84.63,51.85,13.948,13.34,3.535,0.1274,1
BATCH-0371,2023-05-04 16:00:00,60.63,101.29,2.348,0.3662,3.786,3.555,1.85,211.84,2.782,11.732,0.268,1.96,41.6,245.8,0.287,93.49,58.5,15.587,11.22,2.727,0.183,1
BATCH-0372,2023-05-05 00:00:00,56.85,89.22,2.273,0.4893,3.785,3.266,1.783,163.56,2.141,10.085,1.915,1.85,41.0,255.38,1.044,86.48,54.76,13.046,11.23,3.512,0.2784,1
BATCH-0373,2023-05-05 08:00:00,56.73,115.03,3.05,0.3849,2.501,4.316,1.122,221.42,2.136,12.714,0.714,2.041,41.0,259.23,0.382,86.87,59.25,15.903,14.17,3.297,0.0534,1
BATCH-0374,2023-05-05 16:00:00,54.43,115.22,1.46,0.5348,2.824,3.608,1.865,164.49,1.852,12.8,0.8,2.577,29.8,248.71,0.371,86.06,54.22,14.057,14.19,2.924,0.1831,0
BATCH-0375,2023-05-06 00:00:00,68.62,116.29,3.017,0.5114,3.24,5.53,1.522,249.28,1.761,12.61,0.61,1.903,37.4,250.17,0.198,66.2,54.9,15.255,9.18,2.896,0.0506,1
BATCH-0376,2023-05-06 08:00:00,48.36,79.38,2.272,0.4674,4.266,3.457,1.946,148.53,1.125,10.956,1.044,2.088,32.0,247.38,0.416,71.24,52.75,17.768,12.82,3.072,0.2029,1
BATCH-0377,2023-05-06 16:00:00,33.97,55.38,2.726,0.4594,3.74,3.371,1.415,167.22,2.387,12.104,0.104,2.598,26.8,248.27,0.186,77.95,54.97,14.664,11.82,3.351,0.0753,1
BATCH-0378,2023-05-07 00:00:00,62.83,117.21,1.824,0.4375,3.56,4.255,1.809,212.52,2.179,10.921,1.079,1.835,33.6,258.56,0.53,72.74,57.85,16.84,10.45,3.159,0.0484,0
BATCH-0379,2023-05-07 08:00:00,46.34,84.7,3.297,0.4907,2.806,4.765,1.715,249.93,1.928,11.601,0.399,2.544,41.6,244.98,0.231,69.35,53.35,11.416,12.39,2.729,0.2627,1
BATCH-0380,2023-05-07 16:00:00,50.86,85.53,3.247,0.4278,2.558,4.032,1.891,209.45,1.945,14.584,2.584,2.002,37.3,245.29,0.308,61.28,57.07,14.059,9.98,2.93,0.0268,1
BATCH-0381,2023-05-08 00:00:00,60.48,92.63,3.076,0.4641,3.394,4.286,1.837,216.89,2.294,12.115,0.115,2.535,45.1,258.05,0.712,66.53,51.75,15.055,11.3,3.793,0.1601,1
BATCH-0382,2023-05-08 08:00:00,37.18,68.3,1.591,0.5023,2.45,3.078,1.723,200.53,1.378,10.575,1.425,2.225,35.9,253.12,0.1,77.43,58.04,18.847,10.8,3.1,0.02,1
BATCH-0383,2023-05-08 16:00:00,39.99,86.83,2.997,0.4163,2.881,3.661,1.339,169.21,1.764,12.216,0.216,2.092,47.2,260.6,0.121,79.31,52.68,11.08,11.25,3.348,0.0928,1
BATCH-0384,2023-05-09 00:00:00,37.19,72.77,2.743,0.413,2.943,3.463,1.357,185.3,1.545,10.378,1.622,1.98,35.9,247.75,0.481,72.07,58.41,14.808,11.89,3.216,0.2987,1
BATCH-0385,2023-05-09 08:00:00,43.65,80.61,1.537,0.3783,3.796,3.052,1.625,163.64,2.709,10.561,1.439,1.813,35.1,250.63,0.1,80.79,55.24,17.913,10.48,3.109,0.244,1
BATCH-0386,2023-05-09 16:00:00,53.52,84.42,2.485,0.3861,2.823,4.058,1.798,161.64,2.35,10.751,1.249,2.023,28.6,246.7,0.376,75.66,61.08,13.43,14.36,3.043,0.1103,1
BATCH-0387,2023-05-10 00:00:00,54.19,90.87,2.719,0.3403,1.78,2.879,1.618,212.05,1.119,11.467,0.533,2.269,40.6,250.72,0.668,90.91,50.38,14.574,12.74,3.359,0.0649,0
BATCH-0388,2023-05-10 08:00:00,52.21,89.09,2.834,0.4938,3.252,3.339,1.988,166.3,1.394,13.124,1.124,1.996,32.5,241.13,0.108,78.38,49.1,15.663,14.69,3.287,0.0383,0
BATCH-0389,2023-05-10 16:00:00,38.7,78.76,2.606,0.5585,2.65,3.731,1.716,209.59,1.947,12.694,0.694,1.905,31.8,253.42,0.1,86.96,52.54,15.369,11.76,3.106,0.0243,0
BATCH-0390,2023-05-11 00:00:00,31.52,66.62,2.675,0.5355,3.021,3.584,1.51,160.95,1.811,12.628,0.628,1.925,41.4,251.62,0.48,82.03,49.46,18.132,11.18,2.722,,1
BATCH-0391,2023-05-11 08:00:00,50.43,107.48,3.384,0.3524,2.957,4.198,1.717,208.89,1.47,10.681,1.319,2.298,40.8,249.71,0.181,65.98,49.47,15.897,14.64,3.154,0.0537,0
BATCH-0392,2023-05-11 16:00:00,46.23,101.2,3.236,0.4935,2.863,4.153,1.868,185.34,2.778,11.35,0.65,2.368,40.7,248.05,0.1,79.09,57.49,17.656,11.13,2.973,0.0246,1
BATCH-0393,2023-05-12 00:00:00,53.68,117.42,0.78,0.5353,3.395,4.447,1.897,242.2,2.125,12.326,0.326,1.8,33.2,245.53,0.18,67.64,54.98,14.28,11.73,2.877,0.1996,1
BATCH-0394,2023-05-12 08:00:00,55.62,120.52,2.31,0.4226,2.234,4.376,2.364,209.71,2.19,11.246,0.754,1.799,34.7,253.64,0.165,78.92,53.08,13.519,13.08,4.072,0.02,1
BATCH-0395,2023-05-12 16:00:00,51.11,79.23,2.401,0.4561,2.741,4.57,1.599,237.07,1.723,11.666,0.334,2.114,34.7,244.14,0.495,72.55,53.45,14.549,10.14,2.384,0.2489,1
BATCH-0396,2023-05-13 00:00:00,56.08,89.53,1.449,0.3295,3.342,3.999,1.778,177.33,2.289,12.53,0.53,2.458,38.9,252.56,1.345,83.82,52.61,12.682,13.07,3.383,0.0367,1
BATCH-0397,2023-05-13 08:00:00,51.83,88.8,2.557,0.466,2.693,4.152,1.928,201.68,1.848,11.581,0.419,2.344,42.8,260.37,0.268,66.58,61.6,15.967,12.88,2.655,0.2905,1
BATCH-0398,2023-05-13 16:00:00,54.24,102.35,3.249,0.3862,2.196,4.256,1.793,170.57,1.887,12.271,0.271,1.624,36.8,257.43,0.293,80.15,52.06,14.228,13.9,3.052,0.1828,1
BATCH-0399,2023-05-14 00:00:00,44.36,69.56,1.848,0.462,3.334,4.071,1.65,187.59,2.244,13.911,1.911,1.921,44.9,242.47,0.201,85.72,49.71,13.656,13.34,4.027,0.0309,1
BATCH-0400,2023-05-14 08:00:00,48.56,101.6,2.702,0.3563,3.562,3.801,1.335,192.14,1.348,11.794,0.206,1.721,39.5,247.32,0.121,89.08,58.18,15.997,13.95,2.615,0.1554,1
BATCH-0401,2023-05-14 16:00:00,51.57,99.63,1.951,0.4826,2.978,3.834,1.647,178.22,2.639,13.415,1.415,1.92,33.8,252.11,1.2,72.36,54.14,12.713,11.83,2.71,0.6,1
BATCH-0402,2023-05-15 00:00:00,56.56,106.32,2.097,0.5115,2.02,3.591,1.478,163.53,2.073,12.671,0.671,2.481,39.1,249.65,0.152,80.18,63.16,16.541,10.71,2.993,0.0803,1
BATCH-0403,2023-05-15 08:00:00,46.85,75.7,3.386,0.403,3.353,4.211,1.282,157.59,2.512,10.239,1.761,1.573,43.5,243.0,1.32,81.84,52.9,14.043,15.16,2.661,0.0593,0
BATCH-0404,2023-05-15 16:00:00,54.17,90.86,2.174,0.3818,2.17,3.953,1.561,129.81,1.57,10.677,1.323,1.514,45.0,251.93,0.206,95.47,58.38,17.318,9.71,3.354,0.1843,1
BATCH-0405,2023-05-16 00:00:00,47.87,77.18,2.777,0.3206,3.154,3.668,1.486,168.31,1.631,11.0,1.0,1.751,40.9,249.95,3.0,65.19,59.33,14.215,9.86,2.786,0.2158,1
BATCH-0406,2023-05-16 08:00:00,49.06,102.85,1.377,0.434,2.556,3.669,1.975,218.82,1.535,10.974,1.026,2.086,35.1,259.57,0.177,70.89,52.91,16.264,12.85,3.262,0.1139,1
BATCH-0407,2023-05-16 16:00:00,56.64,108.12,3.617,0.4151,2.42,3.395,1.98,152.05,2.1,11.892,0.108,2.186,33.9,248.73,0.1,108.04,52.03,15.359,14.44,2.468,0.02,1
BATCH-0408,2023-05-17 00:00:00,34.06,68.61,2.862,0.3569,2.779,4.489,1.529,158.96,2.026,12.738,0.738,2.131,37.9,255.84,1.974,77.27,57.97,16.488,12.28,2.277,0.02,1
BATCH-0409,2023-05-17 08:00:00,39.63,67.65,2.391,0.4772,2.908,4.039,1.722,253.73,1.814,13.506,1.506,2.353,43.4,243.66,0.662,61.09,57.3,15.22,13.5,2.908,0.4109,1
BATCH-0410,2023-05-17 16:00:00,38.14,67.13,2.845,0.423,2.678,3.569,1.243,180.91,1.594,12.37,0.37,1.471,37.2,244.86,0.707,74.17,49.36,11.673,9.01,2.373,0.1227,0
BATCH-0411,2023-05-18 00:00:00,31.33,55.88,1.654,0.3855,3.294,4.404,1.652,209.63,1.493,11.465,0.535,2.357,37.3,253.61,1.69,52.31,50.49,17.018,11.25,3.607,0.0538,0
BATCH-0412,2023-05-18 08:00:00,44.57,90.57,3.21,0.4167,2.777,3.72,1.92,219.27,1.981,9.501,2.499,1.906,35.3,255.42,0.484,82.41,44.85,14.825,9.19,2.388,0.127,1
BATCH-0413,2023-05-18 16:00:00,56.0,114.27,2.306,0.5143,3.49,3.297,2.047,219.88,1.814,12.085,0.085,2.219,33.4,245.21,0.154,88.1,57.38,16.579,13.17,2.585,0.1164,1
BATCH-0414,2023-05-19 00:00:00,47.72,78.49,2.378,0.4862,3.141,4.511,1.586,154.33,1.726,12.031,0.031,1.603,34.2,250.12,0.307,70.88,,16.38,9.68,3.165,0.02,1
BATCH-0415,2023-05-19 08:00:00,51.58,111.37,2.205,0.4422,2.651,3.731,2.116,193.07,2.619,12.22,0.22,2.001,35.7,243.09,0.1,75.29,54.35,13.453,10.08,2.765,0.02,1
BATCH-0416,2023-05-19 16:00:00,58.71,93.03,2.152,0.4871,2.567,3.796,1.345,151.45,1.967,14.527,2.527,2.071,43.6,249.09,0.467,89.24,48.23,13.17,12.77,2.393,0.0668,1
BATCH-0417,2023-05-20 00:00:00,60.62,128.96,2.917,0.3803,2.176,4.021,1.426,273.39,2.508,13.489,1.489,2.347,33.8,254.18,0.285,62.5,50.61,16.311,13.59,3.816,0.623,0
BATCH-0418,2023-05-20 08:00:00,49.45,77.65,2.654,0.4519,3.145,4.571,2.013,152.15,1.787,12.942,0.942,1.524,35.3,247.83,0.1,66.78,53.09,14.394,11.76,2.599,0.0617,0
BATCH-0419,2023-05-20 16:00:00,60.83,102.51,2.891,0.4588,2.823,4.01,2.301,168.56,2.098,10.846,1.154,2.009,30.7,248.75,0.291,77.72,52.31,16.873,12.86,2.921,0.148,1
BATCH-0420,2023-05-21 00:00:00,50.74,106.17,2.495,0.4218,1.814,3.4,1.948,168.78,1.978,11.384,0.616,1.674,38.6,244.35,0.134,72.48,55.47,14.644,12.81,2.916,0.02,1
BATCH-0421,2023-05-21 08:00:00,43.3,70.39,2.808,0.4761,2.732,4.272,1.788,155.1,1.321,11.886,0.114,2.152,41.8,246.76,0.759,77.06,57.33,17.047,11.68,3.284,0.0644,1
BATCH-0422,2023-05-21 16:00:00,45.24,80.97,2.249,0.4032,2.549,3.758,1.141,240.58,2.571,11.07,0.93,2.233,43.1,258.79,0.297,67.36,64.08,15.847,10.36,3.185,0.0654,1
BATCH-0423,2023-05-22 00:00:00,38.16,69.25,3.838,0.4806,3.788,4.944,1.193,272.67,1.946,12.601,0.601,2.386,36.0,250.36,0.568,82.14,54.92,15.576,12.85,2.669,0.1801,0
BATCH-0424,2023-05-22 08:00:00,42.89,71.71,1.559,0.4831,2.149,3.999,1.839,185.73,2.299,12.428,0.428,1.839,37.9,244.99,0.461,78.51,59.46,14.252,12.92,2.87,0.0495,1
BATCH-0425,2023-05-22 16:00:00,47.14,94.14,3.257,0.275,2.279,2.882,1.693,160.39,1.699,10.694,1.306,2.278,34.2,248.43,0.124,85.49,51.68,15.465,13.34,2.909,0.3752,1
BATCH-0426,2023-05-23 00:00:00,56.43,118.27,3.321,0.5214,3.555,4.179,1.468,132.89,1.934,13.436,1.436,2.408,37.6,242.01,1.073,82.0,48.3,17.386,12.47,3.3,0.02,0
BATCH-0427,2023-05-23 08:00:00,63.77,134.69,1.989,0.2671,3.678,4.972,1.82,192.68,1.653,12.123,0.123,1.507,36.6,244.93,0.1,82.07,53.59,14.892,10.25,2.533,0.3076,0
BATCH-0428,2023-05-23 16:00:00,38.94,67.66,3.838,0.413,2.628,4.788,,190.51,2.494,9.925,2.075,2.184,35.3,256.8,0.175,65.54,48.61,16.062,13.04,3.807,0.02,0
BATCH-0429,2023-05-24 00:00:00,53.14,99.46,3.097,0.5115,2.684,4.915,2.083,180.46,2.125,11.938,0.062,2.288,35.7,249.29,0.1,84.93,55.06,15.093,12.0,2.696,0.2938,1
BATCH-0430,2023-05-24 08:00:00,41.68,69.76,3.083,0.431,3.308,3.49,1.841,206.64,2.147,12.337,0.337,1.922,37.3,259.45,0.513,76.69,51.88,15.249,11.28,2.997,0.0954,1
BATCH-0431,2023-05-24 16:00:00,53.8,89.91,2.517,0.362,1.836,4.456,2.169,211.86,2.543,13.167,1.167,1.637,33.5,249.52,0.1,78.33,47.18,18.447,11.56,2.536,0.7034,0
BATCH-0432,2023-05-25 00:00:00,48.95,78.95,2.37,0.3844,2.069,3.639,1.802,209.69,2.463,11.595,0.405,2.283,33.8,249.82,0.695,90.48,61.94,17.403,10.96,2.481,0.02,1
BATCH-0433,2023-05-25 08:00:00,35.35,76.29,2.374,0.5116,2.86,4.112,1.765,190.52,2.306,12.994,0.994,1.64,43.5,253.2,0.216,72.81,52.85,15.159,13.33,2.65,0.145,1
BATCH-0434,2023-05-25 16:00:00,57.43,121.84,2.734,0.3347,3.775,3.364,2.119,166.95,1.431,12.225,0.225,1.946,48.6,236.64,0.195,93.51,48.45,15.429,9.87,2.612,0.5333,1
BATCH-0435,2023-05-26 00:00:00,45.16,92.31,3.341,0.5177,2.782,3.678,1.506,219.97,1.722,10.422,1.578,1.988,29.0,251.02,0.1,94.44,58.59,13.596,10.51,2.834,0.1217,1
BATCH-0436,2023-05-26 08:00:00,45.73,85.16,2.609,0.4467,3.05,3.662,2.644,200.38,1.598,10.302,1.698,2.215,28.7,249.76,0.987,87.53,52.09,14.654,11.51,2.608,0.4198,0
BATCH-0437,2023-05-26 16:00:00,41.44,76.4,1.953,0.3785,3.567,4.449,1.913,226.65,2.291,13.347,1.347,1.812,30.2,257.43,1.84,70.19,59.36,15.619,14.42,3.278,0.0225,0
BATCH-0438,2023-05-27 00:00:00,44.77,83.75,2.995,0.415,4.053,4.4,1.914,223.7,2.068,13.435,1.435,1.795,34.5,254.82,0.177,58.14,52.07,16.701,13.58,2.687,0.0587,1
BATCH-0439,2023-05-27 08:00:00,53.42,100.2,3.053,0.389,2.712,4.138,1.958,157.35,1.444,12.387,0.387,2.03,39.5,244.33,0.201,90.79,52.84,16.498,9.54,2.642,0.0524,1
BATCH-0440,2023-05-27 16:00:00,48.49,87.48,2.893,0.502,2.992,3.325,2.363,156.97,1.925,13.795,1.795,2.302,38.0,256.21,0.455,81.11,,12.781,14.03,2.843,0.1136,0
BATCH-0441,2023-05-28 00:00:00,52.63,83.8,2.947,0.4939,3.911,3.844,2.038,177.33,1.402,13.268,1.268,2.686,35.9,248.69,0.356,72.55,57.37,16.954,14.02,3.397,0.0752,1
BATCH-0442,2023-05-28 08:00:00,52.9,84.0,2.337,0.3469,2.239,3.627,1.318,168.31,1.979,12.82,0.82,1.548,37.6,245.48,1.315,91.74,58.07,14.822,10.24,3.086,0.02,1
BATCH-0443,2023-05-28 16:00:00,60.57,131.22,1.943,0.4258,3.514,4.435,2.221,222.66,1.338,10.906,1.094,2.095,31.5,250.99,0.437,71.38,54.64,13.026,8.22,2.96,0.1534,1
BATCH-0444,2023-05-29 00:00:00,47.26,86.83,1.979,0.3982,2.491,4.589,1.698,210.54,2.212,14.078,2.078,1.674,33.8,248.99,1.647,75.76,57.11,17.673,11.89,2.427,0.0659,1
BATCH-0445,2023-05-29 08:00:00,38.19,82.76,1.519,0.5276,3.051,4.528,1.832,232.98,2.151,12.644,0.644,2.306,34.9,257.69,1.004,85.25,57.98,17.927,13.68,2.543,0.4425,1
BATCH-0446,2023-05-29 16:00:00,58.54,94.51,2.642,0.369,2.879,3.622,1.416,211.89,2.763,11.537,0.463,1.718,27.1,251.7,0.278,68.86,55.8,15.527,14.39,2.489,0.0481,1
BATCH-0447,2023-05-30 00:00:00,47.35,89.4,2.45,0.5463,2.521,2.63,1.958,206.26,2.339,11.198,0.802,1.798,29.2,251.03,0.272,78.91,54.43,16.418,10.69,3.523,0.2094,1
BATCH-0448,2023-05-30 08:00:00,58.92,96.94,2.236,0.448,2.508,3.117,1.605,235.99,1.831,12.308,0.308,1.823,29.4,254.5,0.706,90.89,49.22,16.535,14.63,3.212,0.1146,1
BATCH-0449,2023-05-30 16:00:00,53.07,89.01,0.727,0.3803,3.138,4.711,1.83,214.09,2.327,9.995,2.005,1.977,38.8,255.46,0.856,82.11,57.4,17.792,8.66,2.655,0.33,1
BATCH-0450,2023-05-31 00:00:00,48.95,74.46,1.752,0.4094,3.498,3.799,1.715,202.04,1.441,12.84,0.84,2.097,36.2,253.92,0.389,92.47,55.17,16.456,11.45,2.774,0.0365,1
BATCH-0451,2023-05-31 08:00:00,52.79,83.58,3.173,0.4019,2.935,3.625,2.378,244.41,1.615,10.856,1.144,2.145,38.1,257.1,0.1,91.34,53.35,12.345,11.37,2.67,0.02,1
BATCH-0452,2023-05-31 16:00:00,65.61,140.52,2.101,0.3735,3.035,4.821,2.395,203.46,2.133,12.445,0.445,1.998,25.8,253.04,0.561,80.08,60.11,19.02,13.73,2.646,0.0241,1
BATCH-0453,2023-06-01 00:00:00,66.62,114.92,2.716,0.4557,3.286,4.633,1.814,190.87,1.137,11.374,0.626,1.601,27.6,250.84,0.865,56.63,49.29,17.131,13.95,3.184,0.02,1
BATCH-0454,2023-06-01 08:00:00,50.56,97.35,1.666,0.3763,2.514,4.012,1.819,174.87,1.985,11.683,0.317,2.218,38.3,256.2,0.1,68.94,61.58,13.981,13.43,2.885,0.1565,1
BATCH-0455,2023-06-01 16:00:00,51.28,93.61,3.363,0.3192,3.37,3.853,1.688,221.09,1.592,11.092,0.908,1.984,21.1,249.55,0.801,87.63,54.91,12.941,9.97,3.832,0.0558,1
BATCH-0456,2023-06-02 00:00:00,58.61,104.34,2.414,0.4272,3.41,3.934,2.132,237.11,2.041,11.807,0.193,2.349,41.1,250.17,0.227,64.5,56.27,16.01,13.29,3.5,0.2531,1
BATCH-0457,2023-06-02 08:00:00,43.23,80.95,2.674,0.3418,4.302,4.114,1.701,198.48,1.569,14.267,2.267,1.788,25.9,258.61,0.186,76.73,53.42,14.443,12.76,3.524,0.1125,1
BATCH-0458,2023-06-02 16:00:00,52.66,85.9,3.895,0.4049,2.812,4.8,1.674,239.24,2.17,13.662,1.662,1.519,39.2,258.11,0.402,83.38,48.33,15.66,9.49,3.269,0.4051,1
BATCH-0459,2023-06-03 00:00:00,49.79,109.15,3.41,0.3955,2.771,4.211,2.094,140.9,2.008,12.425,0.425,1.99,30.6,249.96,0.713,94.7,54.44,16.487,8.9,2.831,0.0623,1
BATCH-0460,2023-06-03 08:00:00,52.51,108.85,2.316,0.3977,3.384,4.363,1.639,198.34,2.56,11.97,0.03,2.389,40.2,247.73,0.25,74.25,56.34,13.867,13.56,3.239,0.0375,1
BATCH-0461,2023-06-03 16:00:00,43.33,87.5,2.144,0.5701,3.41,4.585,1.789,198.8,2.003,13.013,1.013,2.048,51.0,257.32,0.283,73.57,57.7,12.768,11.73,2.86,0.1828,1
BATCH-0462,2023-06-04 00:00:00,37.28,68.16,2.305,0.4534,2.732,3.415,1.326,178.19,1.693,13.356,1.356,1.94,23.6,254.0,0.456,79.48,54.21,15.772,10.07,3.652,0.02,1
BATCH-0463,2023-06-04 08:00:00,33.42,53.7,2.806,0.4647,2.798,4.377,2.011,271.52,1.901,11.004,0.996,1.739,38.5,251.58,1.602,83.51,46.23,13.933,11.69,3.162,0.5159,1
BATCH-0464,2023-06-04 16:00:00,41.06,88.05,2.437,0.3434,3.271,3.853,2.382,198.01,1.462,11.907,0.093,2.527,26.0,248.39,0.173,78.46,48.83,15.292,12.55,3.105,0.02,1
BATCH-0465,2023-06-05 00:00:00,46.33,80.57,2.263,0.4108,2.586,2.742,2.016,187.77,2.162,9.814,2.186,1.691,37.1,251.66,0.108,90.49,63.21,12.313,11.88,3.051,0.127,0
BATCH-0466,2023-06-05 08:00:00,47.65,73.15,3.38,0.4629,2.795,2.936,2.239,200.78,2.236,13.348,1.348,1.782,34.0,249.89,0.445,72.01,50.63,14.496,9.67,3.696,0.1552,1
BATCH-0467,2023-06-05 16:00:00,65.5,113.95,2.431,0.3885,3.045,3.491,1.546,139.92,2.988,14.478,2.478,2.171,35.6,246.68,0.295,81.2,60.71,16.43,14.83,2.426,0.2582,1
BATCH-0468,2023-06-06 00:00:00,58.85,121.0,3.88,0.5045,3.498,4.266,1.871,177.2,1.751,12.096,0.096,1.443,30.4,250.65,0.223,84.45,51.26,16.212,13.51,3.735,0.0534,1
BATCH-0469,2023-06-06 08:00:00,42.3,81.89,2.554,0.3778,2.698,4.057,1.517,229.5,1.893,9.45,2.55,2.382,38.9,251.33,0.71,76.0,54.27,13.423,11.5,2.926,0.0922,1
BATCH-0470,2023-06-06 16:00:00,52.78,106.91,3.571,0.4328,2.079,4.092,1.732,181.13,1.77,12.731,0.731,2.187,27.8,248.12,0.479,88.4,57.5,12.663,11.56,2.438,0.0413,0
BATCH-0471,2023-06-07 00:00:00,46.74,96.08,2.714,0.4148,2.042,4.975,2.032,175.13,2.085,10.915,1.085,2.27,41.2,254.52,0.1,81.49,51.72,15.032,12.54,2.699,0.02,1
BATCH-0472,2023-06-07 08:00:00,47.73,78.67,3.078,0.4599,2.37,3.365,1.831,239.29,2.153,11.204,0.796,2.167,33.0,256.44,1.877,87.89,61.37,16.122,10.31,2.34,0.2097,1
BATCH-0473,2023-06-07 16:00:00,51.48,110.52,2.065,0.4116,2.343,3.986,1.376,240.21,1.979,12.752,0.752,1.952,28.0,254.85,0.759,81.94,55.3,15.81,12.48,3.261,0.1686,1
BATCH-0474,2023-06-08 00:00:00,54.95,99.28,1.988,0.4337,2.923,4.152,1.405,215.51,2.435,12.305,0.305,1.681,43.0,248.62,0.1,83.76,56.84,13.976,10.0,2.585,0.379,1
BATCH-0475,2023-06-08 08:00:00,47.29,92.08,2.776,0.4358,2.406,3.632,1.386,186.35,1.753,11.414,0.586,1.958,34.7,253.78,0.75,73.68,53.93,15.596,11.89,3.067,0.0511,1
BATCH-0476,2023-06-08 16:00:00,58.51,87.86,3.093,0.4059,2.649,4.014,1.947,192.82,2.394,11.22,0.78,1.707,44.5,250.39,1.152,73.69,57.63,18.005,10.25,3.454,,1
BATCH-0477,2023-06-09 00:00:00,40.86,89.71,2.524,0.4791,2.613,3.2,2.419,175.88,2.215,12.151,0.151,2.146,41.1,243.82,0.703,92.24,61.32,15.41,10.32,2.731,0.0345,1
BATCH-0478,2023-06-09 08:00:00,50.05,84.92,1.728,0.4643,2.78,4.705,2.209,170.16,1.995,11.509,0.491,2.242,31.0,253.36,0.365,86.36,54.47,11.734,14.47,2.893,0.02,1
BATCH-0479,2023-06-09 16:00:00,70.78,109.25,1.684,0.4447,3.661,3.659,1.231,168.67,1.874,10.669,1.331,2.443,34.6,250.73,0.153,69.77,61.92,15.406,12.09,2.479,0.1569,1
BATCH-0480,2023-06-10 00:00:00,51.78,94.29,1.644,0.4242,3.331,5.016,2.226,181.46,2.971,11.601,0.399,2.112,35.6,262.97,1.161,81.81,,19.088,12.31,2.845,0.02,1
BATCH-0481,2023-06-10 08:00:00,61.47,97.75,1.439,0.4978,3.008,3.984,2.081,168.96,1.673,12.408,0.408,2.277,42.6,257.29,0.741,56.26,58.06,12.425,8.98,4.03,0.0723,1
BATCH-0482,2023-06-10 16:00:00,50.73,81.51,2.566,0.4358,2.769,4.514,1.336,153.09,2.119,11.786,0.214,1.911,37.2,253.56,1.056,74.26,56.96,15.059,11.1,3.311,0.0913,1
BATCH-0483,2023-06-11 00:00:00,54.65,106.16,3.175,0.4316,2.783,3.973,1.709,206.58,1.7,10.304,1.696,1.857,35.9,251.25,0.267,89.61,50.73,14.547,12.69,2.894,0.1055,1
BATCH-0484,2023-06-11 08:00:00,49.55,87.95,2.492,0.4563,3.164,3.985,2.129,207.04,2.714,13.187,1.187,2.142,34.0,250.82,0.1,78.75,55.86,15.192,12.29,2.755,0.5028,1
BATCH-0485,2023-06-11 16:00:00,48.64,104.34,1.144,0.5518,3.292,3.708,1.965,251.02,2.355,8.713,3.287,1.884,34.7,244.98,0.192,81.18,55.03,15.389,8.77,2.983,0.02,0
BATCH-0486,2023-06-12 00:00:00,43.76,75.42,2.386,0.3696,2.546,4.06,1.407,179.95,1.729,11.464,0.536,2.081,41.5,241.31,0.718,49.84,51.59,17.28,12.31,3.052,0.0293,1
BATCH-0487,2023-06-12 08:00:00,53.44,107.33,2.402,0.4962,3.018,4.159,1.983,208.88,2.205,11.256,0.744,1.682,35.0,245.64,0.345,76.08,56.43,15.17,12.55,2.832,0.1969,1
BATCH-0488,2023-06-12 16:00:00,43.19,78.72,3.758,0.3364,1.984,3.608,1.159,209.38,2.103,12.178,0.178,1.736,33.0,249.76,0.277,83.38,55.59,17.555,13.93,3.212,0.2348,1
BATCH-0489,2023-06-13 00:00:00,55.32,108.55,1.626,0.463,3.106,3.937,1.733,192.38,1.793,12.674,0.674,2.191,32.2,239.47,0.371,84.65,54.71,14.765,11.02,2.619,0.2895,1
BATCH-0490,2023-06-13 08:00:00,58.68,112.66,2.266,0.5445,3.381,3.695,2.141,222.33,2.303,13.352,1.352,2.266,32.2,247.28,1.447,89.62,54.73,14.3,8.64,2.617,0.2025,1
BATCH-0491,2023-06-13 16:00:00,52.93,96.92,3.524,0.4793,2.86,5.15,1.806,223.26,2.156,11.145,0.855,1.704,28.0,248.76,0.326,77.9,54.64,13.662,10.5,3.148,0.0527,0
BATCH-0492,2023-06-14 00:00:00,47.71,103.29,2.77,0.4602,3.908,3.955,1.65,209.82,2.086,12.704,0.704,2.201,31.2,248.92,0.859,78.34,53.53,11.366,10.35,2.533,0.1853,1
BATCH-0493,2023-06-14 08:00:00,53.63,93.31,2.838,0.4164,2.559,4.773,2.067,192.33,1.983,12.235,0.235,1.84,42.5,246.69,0.1,66.68,55.56,15.552,13.11,3.292,0.2809,1
BATCH-0494,2023-06-14 16:00:00,47.53,77.19,2.569,0.4519,3.109,3.902,2.092,189.27,2.172,9.946,2.054,2.005,34.0,248.29,0.282,77.95,52.42,19.108,7.92,2.994,0.2355,0
BATCH-0495,2023-06-15 00:00:00,57.48,113.51,2.698,0.4349,2.982,4.13,2.193,158.97,2.092,14.281,2.281,2.425,38.5,258.62,0.1,67.38,65.63,15.916,11.33,2.269,0.02,1
BATCH-0496,2023-06-15 08:00:00,35.35,73.96,2.967,0.4028,2.95,3.339,2.062,175.82,2.024,10.273,1.727,2.242,22.6,253.31,0.1,61.52,49.36,16.373,14.14,3.044,0.0388,1
BATCH-0497,2023-06-15 16:00:00,47.32,72.31,2.014,0.4326,2.943,3.776,2.124,181.34,1.744,12.503,0.503,2.239,37.8,247.2,0.128,69.15,52.66,14.174,12.01,2.326,0.0247,1
BATCH-0498,2023-06-16 00:00:00,34.07,61.83,3.027,0.4619,3.054,4.105,2.02,166.28,2.678,12.468,0.468,2.573,34.2,249.66,0.389,95.09,52.98,14.511,13.34,3.277,0.2856,0
BATCH-0499,2023-06-16 08:00:00,38.04,80.82,1.676,0.404,3.424,4.793,1.88,213.2,1.58,12.331,0.331,1.789,32.6,249.86,1.455,77.29,63.16,16.969,9.54,2.901,0.1136,1
